Implication, All Code Model,
__TARGET_v850__ => __TARGET_ARCH__,0,
__TARGET_ia64__ => __TARGET_ARCH__,0,
__ARCH_WANTS_LITTLE_ENDIAN__ => __HAVE_DOT_CONFIG__,0,
__TARGET_i960__ => __ARCH_HAS_NO_MMU__,0,
__UCLIBC_HAS_ADVANCED_REALTIME__ => __UCLIBC_HAS_REALTIME__,0,
__CONFIG_SPARC_V9B__ => __FORCE_OPTIONS_FOR_ARCH__,0,
__CONFIG_MIPS_ISA_MIPS64__ => __ARCH_HAS_UCONTEXT__,0,
__DODEBUG_PT__ => __HAVE_DOT_CONFIG__,0,
__UCLIBC_HAS_GLIBC_CUSTOM_STREAMS__ => __HAVE_DOT_CONFIG__,0,
__UCLIBC_PRINTF_SCANF_POSITIONAL_ARGS__ => __DESIRED_TARGET_ARCH__,0,
__TARGET_xtensa__ => __ARCH_HAS_DEPRECATED_SYSCALLS__,0,
__UCLIBC_BUILD_NOEXECSTACK__ => __TARGET_ARCH__,0,
__CONFIG_K6__ => __TARGET_ARCH__,0,
__TARGET_e1__ => __HAVE_DOT_CONFIG__,0,
__UCLIBC_HAS_SHA512_CRYPT_IMPL__ => __FORCE_OPTIONS_FOR_ARCH__,0,
__UCLIBC_HAS_STRING_ARCH_OPT__ => __HAVE_DOT_CONFIG__,0,
__UCLIBC_SUSV3_LEGACY__ => __TARGET_ARCH__,0,
__UCLIBC_HAS_HEXADECIMAL_FLOATS__ => __HAVE_DOT_CONFIG__,0,
__CONFIG_CRIS__ => __TARGET_ARCH__,0,
__ARCH_BIG_ENDIAN__ => __HAVE_DOT_CONFIG__,0,
__CONFIG_MIPS_O32_ABI__ => __ARCH_HAS_UCONTEXT__,0,
__CONFIG_TMS320C64X__ => __ARCH_HAS_NO_MMU__,0,
__HAS_NO_THREADS__ => __DESIRED_TARGET_ARCH__,0,
__UCLIBC_HAS_THREADS_NATIVE__ => __UCLIBC_HAS_THREADS__,1,
__UCLIBC_HAS_STDIO_BUILTIN_BUFFER_8__ => __HAVE_DOT_CONFIG__,0,
__ARCH_HAS_DEPRECATED_SYSCALLS__ => __FORCE_OPTIONS_FOR_ARCH__,0,
__USE_BX__ => __ARCH_ANY_ENDIAN__,0,
__TARGET_ARCH__ => __DESIRED_TARGET_ARCH__,0,
__UCLIBC_HAS_GETTEXT_AWARENESS__ => __TARGET_ARCH__,0,
__UCLIBC_HAS_IPV6__ => __HAVE_DOT_CONFIG__,0,
__CONFIG_SH2A__ => __ARCH_HAS_NO_MMU__,0,
__USE_BX__ => __ARCH_HAS_DEPRECATED_SYSCALLS__,0,
__UCLIBC_HAS_LIBNSL_STUB__ => __HAVE_DOT_CONFIG__,0,
__SSP_QUICK_CANARY__ => __TARGET_ARCH__,0,
__CONFIG_MIPS_N32_ABI__ => __TARGET_ARCH__,0,
__UCLIBC_HAS_XATTR__ => __DESIRED_TARGET_ARCH__,0,
__LDSO_RUNPATH__ => __TARGET_ARCH__,0,
__CONFIG_E500__ => __TARGET_ARCH__,0,
__UCLIBC_FORMAT_FLAT__ => __HAVE_DOT_CONFIG__,0,
__TARGET_sh64__ => __DESIRED_TARGET_ARCH__,0,
__UCLIBC_HAS_FULL_RPC__ => __UCLIBC_HAS_NETWORK_SUPPORT__,0,
__CONFIG_NEHEMIAH__ => __DESIRED_TARGET_ARCH__,0,
__UCLIBC_HAS_REGEX__ => __DESIRED_TARGET_ARCH__,0,
__LDSO_NO_CLEANUP__ => __HAVE_SHARED__,0,
__CONFIG_K7__ => __TARGET_i386__,0,
__LDSO_LD_LIBRARY_PATH__ => __TARGET_ARCH__,0,
__UCLIBC_FORMAT_FLAT_SEP_DATA__ => __ARCH_HAS_NO_LDSO__,0,
__CONFIG_SH4__ => __DESIRED_TARGET_ARCH__,0,
__DOPIC__ => __TARGET_ARCH__,0,
__UCLIBC_HAS_BSD_RES_CLOSE__ => __FORCE_OPTIONS_FOR_ARCH__,0,
__CONFIG_ARM_EABI__ => __DESIRED_TARGET_ARCH__,0,
__UCLIBC_HAS_GLIBC_CUSTOM_PRINTF__ => __HAVE_DOT_CONFIG__,0,
__TARGET_sh64__ => __TARGET_ARCH__,0,
__UCLIBC_HAS_SHA256_CRYPT_IMPL__ => __TARGET_ARCH__,0,
__UCLIBC_HAS_SYS_SIGLIST__ => __TARGET_ARCH__,0,
__HARDWIRED_ABSPATH__ => __DESIRED_TARGET_ARCH__,0,
__UCLIBC_BUILD_RELRO__ => __FORCE_OPTIONS_FOR_ARCH__,0,
__UCLIBC_SV4_DEPRECATED__ => __HAVE_DOT_CONFIG__,0,
__TARGET_x86_64__ => __TARGET_ARCH__,0,
__UCLIBC_FORMAT_FDPIC_ELF__ => __HAVE_DOT_CONFIG__,0,
__UCLIBC_HAS_FNMATCH_OLD__ => __TARGET_ARCH__,0,
__UCLIBC_HAS_SYS_SIGLIST__ => __HAVE_DOT_CONFIG__,0,
__UCLIBC_HAS_TZ_FILE_READ_MANY__ => __HAVE_DOT_CONFIG__,0,
__SUPPORT_LD_DEBUG_EARLY__ => __TARGET_ARCH__,0,
__LDSO_PRELOAD_FILE_SUPPORT__ => __TARGET_ARCH__,0,
__UCLIBC_HAS_CONTEXT_FUNCS__ => __TARGET_ARCH__,0,
__UCLIBC_HAS_FPU__ => __DESIRED_TARGET_ARCH__,0,
__UCLIBC_HAS_STDIO_FUTEXES__ => __UCLIBC_HAS_THREADS__,0,
__LDSO_PRELINK_SUPPORT__ => __TARGET_ARCH__,0,
__ARCH_HAS_UCONTEXT__ => __DESIRED_TARGET_ARCH__,0,
__LINUXTHREADS_NEW__ => __HAVE_DOT_CONFIG__,0,
__TARGET_v850__ => __FORCE_OPTIONS_FOR_ARCH__,0,
__UCLIBC_HAS_PROFILING__ => __DESIRED_TARGET_ARCH__,0,
__UCLIBC_BUILD_SSP__ => __UCLIBC_HAS_SSP__,0,
__TARGET_i960__ => __UCLIBC_UCLINUX_BROKEN_MUNMAP__,0,
__UCLIBC_HAS_ARC4RANDOM__ => __TARGET_ARCH__,0,
__CONFIG_ELAN__ => __ARCH_LITTLE_ENDIAN__,0,
__TARGET_frv__ => __TARGET_ARCH__,0,
__CONFIG_H8S__ => __FORCE_OPTIONS_FOR_ARCH__,0,
__TARGET_ia64__ => __ARCH_HAS_NO_SHARED__,0,
__CONFIG_PENTIUM4__ => __TARGET_i386__,0,
__CONFIG_386__ => __FORCE_OPTIONS_FOR_ARCH__,0,
__CONFIG_MIPS_ISA_MIPS32__ => __ARCH_HAS_DEPRECATED_SYSCALLS__,0,
__UCLIBC_HAS_FTW__ => __DESIRED_TARGET_ARCH__,0,
__CONFIG_NEHEMIAH__ => __TARGET_i386__,0,
__CONFIG_SPARC_V8__ => __TARGET_sparc__,0,
__TARGET_h8300__ => __DESIRED_TARGET_ARCH__,0,
__DEVEL_PREFIX__ => __HAVE_DOT_CONFIG__,0,
__HAVE_DOT_CONFIG__ => __DESIRED_TARGET_ARCH__,0,
__UCLIBC_USE_NETLINK__ => __UCLIBC_HAS_SOCKET__,0,
__TARGET_arm__ => __FORCE_OPTIONS_FOR_ARCH__,0,
__UCLIBC_HAS_ARC4RANDOM__ => __HAVE_DOT_CONFIG__,0,
__LDSO_PRELOAD_ENV_SUPPORT__ => __HAVE_DOT_CONFIG__,0,
__TARGET_avr32__ => __DESIRED_TARGET_ARCH__,0,
__UCLIBC_HAS_REALTIME__ => __TARGET_ARCH__,0,
__LDSO_BASE_FILENAME__ => __TARGET_ARCH__,0,
__UCLIBC_BUILD_PIE__ => __HAVE_SHARED__,0,
__TARGET_sh__ => __ARCH_ANY_ENDIAN__,0,
__CONFIG_MIPS_N64_ABI__ => __ARCH_ANY_ENDIAN__,0,
__CONFIG_AVR32_AP7__ => __DESIRED_TARGET_ARCH__,0,
__CONFIG_PENTIUMIII__ => __ARCH_HAS_DEPRECATED_SYSCALLS__,0,
__UCLIBC_HAS_SSP_COMPAT__ => __UCLIBC_HAS_SSP__,0,
__UCLIBC_FORMAT_FLAT_SEP_DATA__ => __FORCE_OPTIONS_FOR_ARCH__,0,
__UCLIBC_LINUX_MODULE_24__ => __FORCE_OPTIONS_FOR_ARCH__,0,
__UCLIBC_SHARED_FLAT_ID__ => __HAVE_DOT_CONFIG__,0,
__CONFIG_586__ => __HAVE_DOT_CONFIG__,0,
__UCLIBC_HAS_LIBRESOLV_STUB__ => __HAVE_DOT_CONFIG__,0,
__CONFIG_MIPS_ISA_2__ => __DESIRED_TARGET_ARCH__,0,
__CONFIG_CRISV32__ => __HAVE_DOT_CONFIG__,0,
__UCLIBC_SV4_DEPRECATED__ => __TARGET_ARCH__,0,
__MALLOC_STANDARD__ => __HAVE_DOT_CONFIG__,0,
__TARGET_sparc__ => __DESIRED_TARGET_ARCH__,0,
__CONFIG_MIPS_ISA_MIPS32R2__ => __HAVE_DOT_CONFIG__,0,
__LINUXTHREADS_OLD__ => __UCLIBC_HAS_THREADS__,1,
__COMPAT_ATEXIT__ => __DESIRED_TARGET_ARCH__,0,
__UCLIBC_PRINTF_SCANF_POSITIONAL_ARGS__ => __TARGET_ARCH__,0,
__LDSO_SAFE_RUNPATH__ => __FORCE_OPTIONS_FOR_ARCH__,0,
__DOMULTI__ => __TARGET_ARCH__,0,
__CONFIG_GENERIC_C6X__ => __FORCE_OPTIONS_FOR_ARCH__,0,
__UCLIBC_HAS_SHA256_CRYPT_IMPL__ => __HAVE_DOT_CONFIG__,0,
__CONFIG_MIPS_ISA_4__ => __ARCH_HAS_UCONTEXT__,0,
__CONFIG_GENERIC_C6X__ => __ARCH_HAS_NO_MMU__,0,
__LDSO_GNU_HASH_SUPPORT__ => __DESIRED_TARGET_ARCH__,0,
__UCLIBC_HAS_CRYPT_STUB__ => __DESIRED_TARGET_ARCH__,0,
__UCLIBC_STRICT_HEADERS__ => __DESIRED_TARGET_ARCH__,0,
__ARCH_USE_MMU__ => __DESIRED_TARGET_ARCH__,0,
__CONFIG_MIPS_ISA_4__ => __TARGET_mips__,0,
__UCLIBC_FORMAT_DSBT_ELF__ => __TARGET_c6x__,0,
__UCLIBC_SUSV2_LEGACY__ => __DESIRED_TARGET_ARCH__,0,
__UCLIBC_MJN3_ONLY__ => __FORCE_OPTIONS_FOR_ARCH__,0,
__UCLIBC_HAS_STDIO_BUFSIZ_256__ => __DESIRED_TARGET_ARCH__,0,
__UCLIBC_LINUX_MODULE_26__ => __HAVE_DOT_CONFIG__,0,
__UCLIBC_HAS_NETWORK_SUPPORT__ => __TARGET_ARCH__,0,
__UCLIBC_HAS_LIBUTIL__ => __FORCE_OPTIONS_FOR_ARCH__,0,
__UCLIBC_HAS_FTS__ => __TARGET_ARCH__,0,
__CONFIG_K6__ => __DESIRED_TARGET_ARCH__,0,
__ARCH_HAS_BWD_MEMCPY__ => __DESIRED_TARGET_ARCH__,0,
__CONFIG_GENERIC_386__ => __FORCE_OPTIONS_FOR_ARCH__,0,
__CONFIG_MIPS_N64_ABI__ => __HAVE_DOT_CONFIG__,0,
__UCLIBC_HAS_STDIO_PUTC_MACRO__ => __DESIRED_TARGET_ARCH__,0,
__UCLIBC_GRP_BUFFER_SIZE__ => __DESIRED_TARGET_ARCH__,0,
__UCLIBC_HAS_PROFILING__ => __TARGET_ARCH__,0,
__UCLIBC_HAS_SOFT_FLOAT__ => __HAVE_DOT_CONFIG__,0,
__UCLIBC_HAS_REENTRANT_RPC__ => __TARGET_ARCH__,0,
__CONFIG_ARM_EABI__ => __TARGET_ARCH__,0,
__CONFIG_SH2__ => __ARCH_HAS_DEPRECATED_SYSCALLS__,0,
__UCLIBC_HAS_STUBS__ => __DESIRED_TARGET_ARCH__,0,
__UCLIBC_HAS_STDIO_BUFSIZ_NONE__ => __HAVE_DOT_CONFIG__,0,
__TARGET_metag__ => __DESIRED_TARGET_ARCH__,0,
__UCLIBC_HAS_UTMPX__ => __DESIRED_TARGET_ARCH__,0,
__TARGET_mips__ => __ARCH_ANY_ENDIAN__,0,
__LDSO_CACHE_SUPPORT__ => __DESIRED_TARGET_ARCH__,0,
__UCLIBC_NTP_LEGACY__ => __FORCE_OPTIONS_FOR_ARCH__,0,
__UCLIBC_HAS_GETPT__ => __TARGET_ARCH__,0,
__CONFIG_386__ => __ARCH_HAS_DEPRECATED_SYSCALLS__,0,
__UCLIBC_HAS_CONTEXT_FUNCS__ => __HAVE_DOT_CONFIG__,0,
__UCLIBC_HAS_GNU_GLOB__ => __UCLIBC_HAS_FNMATCH__,0,
__MALLOC_STANDARD__ => __ARCH_HAS_MMU__,0,
__CONFIG_CRISV32__ => __TARGET_cris__,0,
__UCLIBC_HAS_SYSLOG__ => __UCLIBC_HAS_NETWORK_SUPPORT__,0,
__CONFIG_ELAN__ => __HAVE_DOT_CONFIG__,0,
__UCLIBC_FORMAT_FDPIC_ELF__ => __ARCH_HAS_DEPRECATED_SYSCALLS__,0,
__UCLIBC_FORMAT_FDPIC_ELF__ => __FORCE_OPTIONS_FOR_ARCH__,0,
__UCLIBC_HAS_STDIO_BUILTIN_BUFFER_4__ => __DESIRED_TARGET_ARCH__,0,
__CONFIG_META_2_1__ => __HAVE_DOT_CONFIG__,0,
__CONFIG_SPARC_V9B__ => __DESIRED_TARGET_ARCH__,0,
__UCLIBC_HAS_GLOB__ => __DESIRED_TARGET_ARCH__,0,
__CONFIG_NEHEMIAH__ => __FORCE_OPTIONS_FOR_ARCH__,0,
__UCLIBC_FORMAT_DSBT_ELF__ => __FORCE_OPTIONS_FOR_ARCH__,0,
__TARGET_c6x__ => __HAVE_DOT_CONFIG__,0,
__TARGET_e1__ => __ARCH_HAS_NO_MMU__,0,
__ARCH_HAS_MMU__ => __HAVE_DOT_CONFIG__,0,
__UCLIBC_HAS_GNU_GETOPT__ => __TARGET_ARCH__,0,
__CONFIG_META_2_1__ => __FORCE_OPTIONS_FOR_ARCH__,0,
__CONFIG_PENTIUMII__ => __TARGET_ARCH__,0,
__ARCH_HAS_NO_LDSO__ => __TARGET_ARCH__,0,
__UCLIBC_HAS_PTY__ => __DESIRED_TARGET_ARCH__,0,
__CONFIG_586MMX__ => __TARGET_i386__,0,
__CONFIG_486__ => __DESIRED_TARGET_ARCH__,0,
__UCLIBC_PREGENERATED_LOCALE_DATA__ => __HAVE_DOT_CONFIG__,0,
__TARGET_metag__ => __HAVE_DOT_CONFIG__,0,
__UCLIBC_HAS_SOCKET__ => __UCLIBC_HAS_NETWORK_SUPPORT__,0,
__TARGET_e1__ => __ARCH_HAS_DEPRECATED_SYSCALLS__,0,
__UCLIBC_HAS_CRYPT__ => __HAVE_DOT_CONFIG__,0,
__CONFIG_ARM_EABI__ => __TARGET_arm__,0,
__TARGET_alpha__ => __DESIRED_TARGET_ARCH__,0,
__UCLIBC_HAS_TM_EXTENSIONS__ => __HAVE_DOT_CONFIG__,0,
__UCLIBC_USE_NETLINK__ => __TARGET_ARCH__,0,
__CONFIG_H8S__ => __TARGET_ARCH__,0,
__UCLIBC_HAS_NFTW__ => __DESIRED_TARGET_ARCH__,0,
__CONFIG_SH2A__ => __TARGET_sh__,0,
__CONFIG_SH2__ => __ARCH_HAS_NO_MMU__,0,
__UCLIBC_HAS_STDIO_SHUTDOWN_ON_ABORT__ => __FORCE_OPTIONS_FOR_ARCH__,0,
__UCLIBC_HAS_FNMATCH_OLD__ => __HAVE_DOT_CONFIG__,0,
__UCLIBC_HAS_STDIO_BUFSIZ_8192__ => __DESIRED_TARGET_ARCH__,0,
__DODEBUG_PT__ => __DESIRED_TARGET_ARCH__,0,
__UCLIBC_HAS_STDIO_FUTEXES__ => __DESIRED_TARGET_ARCH__,0,
__UCLIBC_HAS_CTYPE_UNSAFE__ => __UCLIBC_HAS_CTYPE_TABLES__,1,
__EXTRA_WARNINGS__ => __DESIRED_TARGET_ARCH__,0,
__HARDWIRED_ABSPATH__ => __HAVE_DOT_CONFIG__,0,
__CONFIG_GENERIC_386__ => __TARGET_i386__,0,
__DODEBUG__ => __TARGET_ARCH__,0,
__CONFIG_MIPS_ISA_1__ => __TARGET_mips__,0,
__UCLIBC_HAS_ADVANCED_REALTIME__ => __HAVE_DOT_CONFIG__,0,
__CONFIG_CRISV32__ => __ARCH_LITTLE_ENDIAN__,0,
__TARGET_xtensa__ => __FORCE_OPTIONS_FOR_ARCH__,0,
__TARGET_avr32__ => __ARCH_BIG_ENDIAN__,0,
__HAVE_NO_PIC__ => __ARCH_HAS_NO_LDSO__,0,
__CONFIG_SH2A__ => __ARCH_HAS_DEPRECATED_SYSCALLS__,0,
__CONFIG_PENTIUMII__ => __FORCE_OPTIONS_FOR_ARCH__,0,
__CONFIG_H8S__ => __TARGET_h8300__,0,
__UCLIBC_HAS_TM_EXTENSIONS__ => __TARGET_ARCH__,0,
__ARCH_HAS_NO_SHARED__ => __ARCH_HAS_NO_LDSO__,0,
__UCLIBC_HAS_STDIO_FUTEXES__ => __FORCE_OPTIONS_FOR_ARCH__,0,
__UCLIBC_BUILD_PIE__ => __ARCH_HAS_DEPRECATED_SYSCALLS__,0,
__UCLIBC_HAS_SIGNUM_MESSAGES__ => __DESIRED_TARGET_ARCH__,0,
__ASSUME_DEVPTS__ => __TARGET_ARCH__,0,
__UCLIBC_HAS_CONTEXT_FUNCS__ => __ARCH_HAS_DEPRECATED_SYSCALLS__,0,
__TARGET_sh64__ => __HAVE_DOT_CONFIG__,0,
__LDSO_SAFE_RUNPATH__ => __DESIRED_TARGET_ARCH__,0,
__ARCH_HAS_NO_SHARED__ => __HAVE_DOT_CONFIG__,0,
__ARCH_HAS_BWD_MEMCPY__ => __TARGET_ARCH__,0,
__MALLOC_STANDARD__ => __ARCH_USE_MMU__,0,
__LINUXTHREADS_OLD__ => __HAVE_DOT_CONFIG__,0,
__CONFIG_SH3__ => __ARCH_HAS_DEPRECATED_SYSCALLS__,0,
__DO_XSI_MATH__ => __HAVE_DOT_CONFIG__,0,
__UCLIBC_FORMAT_SHARED_FLAT__ => __ARCH_HAS_NO_LDSO__,0,
__CONFIG_SH3__ => __TARGET_ARCH__,0,
__CONFIG_SH5__ => __FORCE_OPTIONS_FOR_ARCH__,0,
__MALLOC_SIMPLE__ => __HAVE_DOT_CONFIG__,0,
__CONFIG_WINCHIPC6__ => __ARCH_LITTLE_ENDIAN__,0,
__CONFIG_ELAN__ => __TARGET_i386__,0,
__TARGET_frv__ => __HAVE_DOT_CONFIG__,0,
__LINUXTHREADS_OLD__ => __FORCE_OPTIONS_FOR_ARCH__,0,
__UCLIBC_HAS_LIBUTIL__ => __TARGET_ARCH__,0,
__HAS_NO_THREADS__ => __FORCE_OPTIONS_FOR_ARCH__,0,
__CONFIG_CLASSIC__ => __ARCH_HAS_DEPRECATED_SYSCALLS__,0,
__TARGET_v850__ => __ARCH_HAS_NO_MMU__,0,
__UCLIBC_TZ_FILE_PATH__ => __UCLIBC_HAS_TZ_FILE__,0,
__CONFIG_MIPS_N32_ABI__ => __DESIRED_TARGET_ARCH__,0,
__UCLIBC_HAS_STDIO_BUFSIZ_1024__ => __DESIRED_TARGET_ARCH__,0,
__CONFIG_CRIS__ => __ARCH_LITTLE_ENDIAN__,0,
__CONFIG_686__ => __HAVE_DOT_CONFIG__,0,
__UCLIBC_HAS_HEXADECIMAL_FLOATS__ => __TARGET_ARCH__,0,
__CONFIG_486__ => __HAVE_DOT_CONFIG__,0,
__DOASSERTS__ => __TARGET_ARCH__,0,
__MALLOC_STANDARD__ => __FORCE_OPTIONS_FOR_ARCH__,0,
__UCLIBC_HAS_HEXADECIMAL_FLOATS__ => __FORCE_OPTIONS_FOR_ARCH__,0,
__CONFIG_CRUSOE__ => __TARGET_ARCH__,0,
__UCLIBC_TZ_FILE_PATH__ => __FORCE_OPTIONS_FOR_ARCH__,0,
__LDSO_SEARCH_INTERP_PATH__ => __DESIRED_TARGET_ARCH__,0,
__UNIX98PTY_ONLY__ => __UCLIBC_HAS_PTY__,0,
__TARGET_i386__ => __ARCH_LITTLE_ENDIAN__,0,
__UCLIBC_HAS_FOPEN_LARGEFILE_MODE__ => __UCLIBC_HAS_LFS__,0,
__CONFIG_CYRIXIII__ => __ARCH_HAS_UCONTEXT__,0,
__COMPAT_ATEXIT__ => __HAVE_DOT_CONFIG__,0,
__FORCE_SHAREABLE_TEXT_SEGMENTS__ => __TARGET_ARCH__,0,
__CONFIG_E500__ => __FORCE_OPTIONS_FOR_ARCH__,0,
__UCLIBC_HAS_SSP__ => __TARGET_ARCH__,0,
__UCLIBC_HAS_STDIO_BUFSIZ_512__ => __TARGET_ARCH__,0,
__HAVE_NO_SSP__ => __TARGET_hppa__,0,
__CONFIG_PENTIUM4__ => __ARCH_HAS_UCONTEXT__,0,
__ARCH_BIG_ENDIAN__ => __TARGET_ARCH__,0,
__UCLIBC_HAS_TZ_FILE__ => __HAVE_DOT_CONFIG__,0,
__UCLIBC_DYNAMIC_ATEXIT__ => __HAVE_DOT_CONFIG__,0,
__LINKRELAX__ => __ARCH_BIG_ENDIAN__,0,
__TARGET_sparc__ => __ARCH_BIG_ENDIAN__,0,
__TARGET_frv__ => __ARCH_HAS_NO_MMU__,0,
__CONFIG_CRIS__ => __HAVE_DOT_CONFIG__,0,
__CONFIG_H8S__ => __ARCH_HAS_NO_SHARED__,0,
__UCLIBC_HAS_OBSOLETE_SYSV_SIGNAL__ => __TARGET_ARCH__,0,
__UCLIBC_HAS_XLOCALE__ => __TARGET_ARCH__,0,
__UCLIBC_HAS_BSD_RES_CLOSE__ => __DESIRED_TARGET_ARCH__,0,
__CONFIG_MIPS_ISA_2__ => __ARCH_HAS_DEPRECATED_SYSCALLS__,0,
__CONFIG_CYRIXIII__ => __ARCH_HAS_DEPRECATED_SYSCALLS__,0,
__UCLIBC_DOWNLOAD_PREGENERATED_LOCALE_DATA__ => __FORCE_OPTIONS_FOR_ARCH__,0,
__UCLIBC_DOWNLOAD_PREGENERATED_LOCALE_DATA__ => __UCLIBC_HAS_LOCALE__,0,
__CONFIG_CRIS__ => __FORCE_OPTIONS_FOR_ARCH__,0,
__CONFIG_PENTIUMII__ => __HAVE_DOT_CONFIG__,0,
__CONFIG_MIPS_ISA_3__ => __FORCE_OPTIONS_FOR_ARCH__,0,
__ARC4RANDOM_USES_NODEV__ => __UCLIBC_HAS_ARC4RANDOM__,0,
__UCLIBC_HAS_STDIO_FUTEXES__ => __UCLIBC_HAS_THREADS_NATIVE__,0,
__UCLIBC_HAS_STDIO_BUILTIN_BUFFER_NONE__ => __FORCE_OPTIONS_FOR_ARCH__,0,
__CONFIG_NEHEMIAH__ => __ARCH_LITTLE_ENDIAN__,0,
__UCLIBC_HAS_GNU_GLOB__ => __HAVE_DOT_CONFIG__,0,
__MALLOC_STANDARD__ => __DESIRED_TARGET_ARCH__,0,
__CONFIG_MIPS_ISA_3__ => __HAVE_DOT_CONFIG__,0,
__UCLIBC_HAS_GLIBC_DIGIT_GROUPING__ => __FORCE_OPTIONS_FOR_ARCH__,0,
__TARGET_nios2__ => __FORCE_OPTIONS_FOR_ARCH__,0,
__TARGET_ia64__ => __ARCH_HAS_DEPRECATED_SYSCALLS__,0,
__CONFIG_SH5__ => __TARGET_ARCH__,0,
__UCLIBC_HAS_REGEX_OLD__ => __TARGET_ARCH__,0,
__UCLIBC_HAS_TM_EXTENSIONS__ => __FORCE_OPTIONS_FOR_ARCH__,0,
__UCLIBC_HAS_FOPEN_LARGEFILE_MODE__ => __FORCE_OPTIONS_FOR_ARCH__,0,
__CONFIG_MIPS_N32_ABI__ => __ARCH_ANY_ENDIAN__,0,
__UCLIBC_HAS_IPV6__ => __FORCE_OPTIONS_FOR_ARCH__,0,
__CROSS_COMPILER_PREFIX__ => __HAVE_DOT_CONFIG__,0,
__UCLIBC_GRP_BUFFER_SIZE__ => __HAVE_DOT_CONFIG__,0,
__TARGET_frv__ => __DESIRED_TARGET_ARCH__,0,
__CONFIG_586MMX__ => __TARGET_ARCH__,0,
__UCLIBC_SUPPORT_AI_ADDRCONFIG__ => __TARGET_ARCH__,0,
__WARNINGS__ => __TARGET_ARCH__,0,
__UCLIBC_HAS_STDIO_BUFSIZ_512__ => __DESIRED_TARGET_ARCH__,0,
__UCLIBC_BUILD_MINIMAL_LOCALE__ => __TARGET_ARCH__,0,
__DO_C99_MATH__ => __HAVE_DOT_CONFIG__,0,
__UCLIBC_HAS_STDIO_PUTC_MACRO__ => __TARGET_ARCH__,0,
__UCLIBC_HAS_STDIO_BUILTIN_BUFFER_8__ => __DESIRED_TARGET_ARCH__,0,
__UCLIBC_HAS_FNMATCH_OLD__ => __FORCE_OPTIONS_FOR_ARCH__,0,
__UCLIBC_BUILD_MINIMAL_LOCALE__ => __HAVE_DOT_CONFIG__,0,
__UCLIBC_HAS_WCHAR__ => __FORCE_OPTIONS_FOR_ARCH__,0,
__CROSS_COMPILER_PREFIX__ => __DESIRED_TARGET_ARCH__,0,
__CONFIG_SPARC_V9B__ => __HAVE_DOT_CONFIG__,0,
__CONFIG_MIPS_N32_ABI__ => __ARCH_HAS_UCONTEXT__,0,
__TARGET_alpha__ => __ARCH_HAS_DEPRECATED_SYSCALLS__,0,
__UCLIBC_HAS_SHA256_CRYPT_IMPL__ => __DESIRED_TARGET_ARCH__,0,
__CONFIG_586__ => __TARGET_i386__,0,
__HAVE_NO_PIC__ => __DESIRED_TARGET_ARCH__,0,
__UCLIBC_HAS_SOCKET__ => __FORCE_OPTIONS_FOR_ARCH__,0,
__CONFIG_PENTIUMIII__ => __ARCH_HAS_UCONTEXT__,0,
__ARCH_HAS_UCONTEXT__ => __TARGET_ARCH__,0,
__UCLIBC_BUILD_NOW__ => __HAVE_DOT_CONFIG__,0,
__TARGET_hppa__ => __ARCH_HAS_NO_SHARED__,0,
__UCLIBC_HAS_XATTR__ => __TARGET_ARCH__,0,
__UCLIBC_FORMAT_FLAT__ => __UCLIBC_UCLINUX_BROKEN_MUNMAP__,0,
__UCLIBC_BUILD_PIE__ => __DESIRED_TARGET_ARCH__,0,
__CONFIG_CRISV32__ => __ARCH_HAS_DEPRECATED_SYSCALLS__,0,
__DOPIC__ => __FORCE_OPTIONS_FOR_ARCH__,0,
__CONFIG_ARM_EABI__ => __ARCH_HAS_UCONTEXT__,0,
__TARGET_avr32__ => __TARGET_ARCH__,0,
__CONFIG_486__ => __FORCE_OPTIONS_FOR_ARCH__,0,
__CONFIG_486__ => __ARCH_LITTLE_ENDIAN__,0,
__UCLIBC_HAS_TLS__ => __FORCE_OPTIONS_FOR_ARCH__,0,
__USE_OLD_VFPRINTF__ => __TARGET_ARCH__,0,
__UCLIBC_HAS_WCHAR__ => __DESIRED_TARGET_ARCH__,0,
__UCLIBC_HAS_STDIO_FUTEXES__ => __HAVE_DOT_CONFIG__,0,
__CONFIG_TMS320C64XPLUS__ => __ARCH_ANY_ENDIAN__,0,
__DO_XSI_MATH__ => __TARGET_ARCH__,0,
__LDSO_PRELOAD_FILE_SUPPORT__ => __HAVE_DOT_CONFIG__,0,
__UCLIBC_SHARED_FLAT_ID__ => __TARGET_ARCH__,0,
__ARCH_HAS_NO_MMU__ => __UCLIBC_UCLINUX_BROKEN_MUNMAP__,0,
__CONFIG_TMS320C64XPLUS__ => __DESIRED_TARGET_ARCH__,0,
__CONFIG_SH4__ => __FORCE_OPTIONS_FOR_ARCH__,0,
__CONFIG_ELAN__ => __FORCE_OPTIONS_FOR_ARCH__,0,
__TARGET_sh__ => __ARCH_HAS_DEPRECATED_SYSCALLS__,0,
__CONFIG_K7__ => __HAVE_DOT_CONFIG__,0,
__UCLIBC_PREGENERATED_LOCALE_DATA__ => __FORCE_OPTIONS_FOR_ARCH__,0,
__CONFIG_CLASSIC__ => __HAVE_DOT_CONFIG__,0,
__CONFIG_K6__ => __ARCH_LITTLE_ENDIAN__,0,
__TARGET_ia64__ => __ARCH_LITTLE_ENDIAN__,0,
__TARGET_metag__ => __TARGET_ARCH__,0,
__DODEBUG__ => __DESIRED_TARGET_ARCH__,0,
__ARCH_WANTS_BIG_ENDIAN__ => __FORCE_OPTIONS_FOR_ARCH__,0,
__ASSUME_DEVPTS__ => __DESIRED_TARGET_ARCH__,0,
__UCLIBC_HAS_STRING_ARCH_OPT__ => __TARGET_ARCH__,0,
__HAVE_NO_SSP__ => __FORCE_OPTIONS_FOR_ARCH__,0,
__UCLIBC_HAS_UTMPX__ => __FORCE_OPTIONS_FOR_ARCH__,0,
__UCLIBC_HAS_THREADS_NATIVE__ => __TARGET_ARCH__,0,
__CONFIG_MIPS_N64_ABI__ => __ARCH_HAS_UCONTEXT__,0,
__UCLIBC_HAS_GETOPT_LONG__ => __DESIRED_TARGET_ARCH__,0,
__UCLIBC_HAS_GNU_ERROR__ => __DESIRED_TARGET_ARCH__,0,
__UCLIBC_HAS_RPC__ => __DESIRED_TARGET_ARCH__,0,
__UCLIBC_HAS_GETOPT_LONG__ => __FORCE_OPTIONS_FOR_ARCH__,0,
__UCLIBC_HAS_LOCALE__ => __TARGET_ARCH__,0,
__UCLIBC_HAS_STDIO_BUILTIN_BUFFER_4__ => __HAVE_DOT_CONFIG__,0,
__UNIX98PTY_ONLY__ => __DESIRED_TARGET_ARCH__,0,
__ARCH_HAS_MMU__ => __TARGET_ARCH__,0,
__CONFIG_SPARC_V7__ => __ARCH_BIG_ENDIAN__,0,
__CONFIG_MIPS_N32_ABI__ => __ARCH_HAS_DEPRECATED_SYSCALLS__,0,
__UCLIBC_PREGENERATED_LOCALE_DATA__ => __TARGET_ARCH__,0,
__UCLIBC_HAS_WORDEXP__ => __FORCE_OPTIONS_FOR_ARCH__,0,
__PROPOLICE_BLOCK_ABRT__ => __DODEBUG__,0,
__UCLIBC_HAS_FLOATS__ => __HAVE_DOT_CONFIG__,0,
__DOMULTI__ => __HAVE_DOT_CONFIG__,0,
__UCLIBC_HAS_IPV4__ => __TARGET_ARCH__,0,
__CONFIG_386__ => __TARGET_i386__,0,
__CONFIG_NEHEMIAH__ => __TARGET_ARCH__,0,
__UCLIBC_MALLOC_DEBUGGING__ => __TARGET_ARCH__,0,
__UCLIBC_SHARED_FLAT_ID__ => __UCLIBC_UCLINUX_BROKEN_MUNMAP__,0,
__TARGET_mips__ => __ARCH_HAS_DEPRECATED_SYSCALLS__,0,
__CONFIG_SH2A__ => __UCLIBC_UCLINUX_BROKEN_MUNMAP__,0,
__LDSO_LDD_SUPPORT__ => __DESIRED_TARGET_ARCH__,0,
__UCLIBC_SUSV3_LEGACY__ => __DESIRED_TARGET_ARCH__,0,
__CONFIG_586__ => __FORCE_OPTIONS_FOR_ARCH__,0,
__UCLIBC_HAS_TZ_FILE__ => __DESIRED_TARGET_ARCH__,0,
__TARGET_nios2__ => __ARCH_HAS_NO_SHARED__,0,
__UCLIBC_LINUX_MODULE_26__ => __TARGET_ARCH__,0,
__ARCH_HAS_NO_SHARED__ => __TARGET_ARCH__,0,
__CONFIG_MIPS_ISA_1__ => __DESIRED_TARGET_ARCH__,0,
__UCLIBC_BUILD_MINIMAL_LOCALES__ => __HAVE_DOT_CONFIG__,0,
__UCLIBC_HAS_UTMPX__ => __TARGET_ARCH__,0,
__UCLIBC_DOWNLOAD_PREGENERATED_LOCALE_DATA__ => __TARGET_ARCH__,0,
__UCLIBC_HAS_SHADOW__ => __FORCE_OPTIONS_FOR_ARCH__,0,
__UCLIBC_HAS_STDIO_BUFSIZ_1024__ => __HAVE_DOT_CONFIG__,0,
__UCLIBC_HAS_REENTRANT_RPC__ => __UCLIBC_HAS_NETWORK_SUPPORT__,0,
__TARGET_arm__ => __TARGET_ARCH__,0,
__CONFIG_SPARC_V9__ => __ARCH_BIG_ENDIAN__,0,
__CROSS_COMPILER_PREFIX__ => __TARGET_ARCH__,0,
__UCLIBC_HAS_STDIO_BUILTIN_BUFFER_8__ => __TARGET_ARCH__,0,
__UCLIBC_HAS_SHA512_CRYPT_IMPL__ => __UCLIBC_HAS_CRYPT_IMPL__,0,
__UCLIBC_HAS_STUBS__ => __HAVE_DOT_CONFIG__,0,
__UCLIBC_HAS_RPC__ => __FORCE_OPTIONS_FOR_ARCH__,0,
__MALLOC__ => __DESIRED_TARGET_ARCH__,0,
__TARGET_frv__ => __FORCE_OPTIONS_FOR_ARCH__,0,
__LDSO_LDD_SUPPORT__ => __HAVE_DOT_CONFIG__,0,
__CONFIG_MIPS_N32_ABI__ => __TARGET_mips__,0,
__UCLIBC_HAS_LIBRESOLV_STUB__ => __FORCE_OPTIONS_FOR_ARCH__,0,
__TARGET_v850__ => __ARCH_HAS_NO_SHARED__,0,
__CONFIG_MIPS_ISA_MIPS32__ => __FORCE_OPTIONS_FOR_ARCH__,0,
__ARCH_HAS_NO_MMU__ => __FORCE_OPTIONS_FOR_ARCH__,0,
__UCLIBC_SHARED_FLAT_ID__ => __ARCH_HAS_NO_LDSO__,0,
__CONFIG_PENTIUMIII__ => __FORCE_OPTIONS_FOR_ARCH__,0,
__ARCH_HAS_DEPRECATED_SYSCALLS__ => __DESIRED_TARGET_ARCH__,0,
__UCLIBC_HAS_ERRNO_MESSAGES__ => __FORCE_OPTIONS_FOR_ARCH__,0,
__UCLIBC_HAS_STRING_ARCH_OPT__ => __DESIRED_TARGET_ARCH__,0,
__CONFIG_486__ => __TARGET_i386__,0,
__UCLIBC_HAS_STDIO_BUFSIZ_256__ => __TARGET_ARCH__,0,
__LDSO_PRELOAD_ENV_SUPPORT__ => __FORCE_OPTIONS_FOR_ARCH__,0,
__UCLIBC_HAS_FLOATS__ => __DESIRED_TARGET_ARCH__,0,
__UCLIBC_SUPPORT_AI_ADDRCONFIG__ => __HAVE_DOT_CONFIG__,0,
__PTHREADS_DEBUG_SUPPORT__ => __HAVE_DOT_CONFIG__,0,
__CONFIG_ARM_EABI__ => __FORCE_OPTIONS_FOR_ARCH__,0,
__COMPILE_IN_THUMB_MODE__ => __ARCH_HAS_UCONTEXT__,0,
__UCLIBC_HAS_CRYPT_IMPL__ => __UCLIBC_HAS_CRYPT__,0,
__UCLIBC_HAS_GETPT__ => __HAVE_DOT_CONFIG__,0,
__UCLIBC_HAS_SOCKET__ => __TARGET_ARCH__,0,
__CONFIG_PENTIUMIII__ => __DESIRED_TARGET_ARCH__,0,
__UCLIBC_HAS_PROGRAM_INVOCATION_NAME__ => __FORCE_OPTIONS_FOR_ARCH__,0,
__UCLIBC_HAS_STDIO_SHUTDOWN_ON_ABORT__ => __DESIRED_TARGET_ARCH__,0,
__CONFIG_TMS320C64XPLUS__ => __TARGET_ARCH__,0,
__UCLIBC_HAS_STDIO_BUFSIZ_4096__ => __TARGET_ARCH__,0,
__HARDWIRED_ABSPATH__ => __FORCE_OPTIONS_FOR_ARCH__,0,
__UCLIBC_HAS_FOPEN_CLOSEEXEC_MODE__ => __DESIRED_TARGET_ARCH__,0,
__HAS_NO_THREADS__ => __TARGET_ARCH__,0,
__UCLIBC_HAS_CRYPT_IMPL__ => __FORCE_OPTIONS_FOR_ARCH__,0,
__LDSO_GNU_HASH_SUPPORT__ => __TARGET_ARCH__,0,
__CONFIG_MIPS_O32_ABI__ => __ARCH_ANY_ENDIAN__,0,
__UCLIBC_NTP_LEGACY__ => __DESIRED_TARGET_ARCH__,0,
__UCLIBC_HAS_EXTRA_COMPAT_RES_STATE__ => __TARGET_ARCH__,0,
__UCLIBC_HAS_LOCALE__ => __FORCE_OPTIONS_FOR_ARCH__,0,
__UCLIBC_HAS_PROGRAM_INVOCATION_NAME__ => __TARGET_ARCH__,0,
__DO_C99_MATH__ => __FORCE_OPTIONS_FOR_ARCH__,0,
__UCLIBC_HAS_SOFT_FLOAT__ => __DESIRED_TARGET_ARCH__,0,
__TARGET_sh64__ => __ARCH_HAS_DEPRECATED_SYSCALLS__,0,
__UCLIBC_HAS_TZ_CACHING__ => __HAVE_DOT_CONFIG__,0,
__UCLIBC_HAS_STDIO_BUFSIZ_256__ => __HAVE_DOT_CONFIG__,0,
__UCLIBC_BUILD_MINIMAL_LOCALES__ => __TARGET_ARCH__,0,
__CONFIG_MIPS_N64_ABI__ => __FORCE_OPTIONS_FOR_ARCH__,0,
__TARGET_powerpc__ => __HAVE_DOT_CONFIG__,0,
__UCLIBC_HAS_THREADS_NATIVE__ => __FORCE_OPTIONS_FOR_ARCH__,0,
__CONFIG_WINCHIPC6__ => __FORCE_OPTIONS_FOR_ARCH__,0,
__CONFIG_K7__ => __FORCE_OPTIONS_FOR_ARCH__,0,
__CONFIG_SH2A__ => __DESIRED_TARGET_ARCH__,0,
__UCLIBC_SV4_DEPRECATED__ => __FORCE_OPTIONS_FOR_ARCH__,0,
__TARGET_mips__ => __DESIRED_TARGET_ARCH__,0,
__UCLIBC_HAS_FPU__ => __TARGET_ARCH__,0,
__ARCH_HAS_BWD_MEMCPY__ => __TARGET_SUBARCH__,0,
__DOASSERTS__ => __DESIRED_TARGET_ARCH__,0,
__TARGET_i960__ => __ARCH_HAS_NO_SHARED__,0,
__UCLIBC_HAS_CTYPE_TABLES__ => __HAVE_DOT_CONFIG__,0,
__UCLIBC_HAS_ERRNO_MESSAGES__ => __DESIRED_TARGET_ARCH__,0,
__UCLIBC_HAS_NETWORK_SUPPORT__ => __DESIRED_TARGET_ARCH__,0,
__UCLIBC_HAS_CTYPE_ENFORCED__ => __HAVE_DOT_CONFIG__,0,
__SUPPORT_LD_DEBUG__ => __FORCE_OPTIONS_FOR_ARCH__,0,
__TARGET_i386__ => __FORCE_OPTIONS_FOR_ARCH__,0,
__UCLIBC_HAS_GLIBC_DIGIT_GROUPING__ => __UCLIBC_HAS_FLOATS__,0,
__CONFIG_TMS320C64XPLUS__ => __ARCH_HAS_NO_MMU__,0,
__DESIRED_TARGET_ARCH__ => __FORCE_OPTIONS_FOR_ARCH__,0,
__UCLIBC_HAS_GETTEXT_AWARENESS__ => __HAVE_DOT_CONFIG__,0,
__UCLIBC_BUILD_MINIMAL_LOCALE__ => __UCLIBC_HAS_LOCALE__,0,
__TARGET_i386__ => __ARCH_HAS_UCONTEXT__,0,
__TARGET_sparc__ => __FORCE_OPTIONS_FOR_ARCH__,0,
__CONFIG_H8S__ => __ARCH_ANY_ENDIAN__,0,
__EXTRA_WARNINGS__ => __FORCE_OPTIONS_FOR_ARCH__,0,
__KERNEL_HEADERS__ => __TARGET_ARCH__,0,
__CONFIG_586MMX__ => __FORCE_OPTIONS_FOR_ARCH__,0,
__CONFIG_SH4__ => __HAVE_DOT_CONFIG__,0,
__UCLIBC_HAS_FNMATCH__ => __HAVE_DOT_CONFIG__,0,
__UCLIBC_HAS_TZ_CACHING__ => __TARGET_ARCH__,0,
__CONFIG_GENERIC_C6X__ => __UCLIBC_UCLINUX_BROKEN_MUNMAP__,0,
__CONFIG_ARM_EABI__ => __ARCH_ANY_ENDIAN__,0,
__PROPOLICE_BLOCK_SEGV__ => __DODEBUG__,0,
__TARGET_sh__ => __HAVE_DOT_CONFIG__,0,
__CONFIG_SPARC_V7__ => __FORCE_OPTIONS_FOR_ARCH__,0,
__MALLOC_SIMPLE__ => __DESIRED_TARGET_ARCH__,0,
__CONFIG_386__ => __ARCH_HAS_UCONTEXT__,0,
__CONFIG_CRUSOE__ => __ARCH_HAS_DEPRECATED_SYSCALLS__,0,
__UCLIBC_SUSV3_LEGACY_MACROS__ => __HAVE_DOT_CONFIG__,0,
__CONFIG_META_2_1__ => __ARCH_LITTLE_ENDIAN__,0,
__UCLIBC_HAS_STDIO_AUTO_RW_TRANSITION__ => __TARGET_ARCH__,0,
__TARGET_bfin__ => __ARCH_HAS_DEPRECATED_SYSCALLS__,0,
__CONFIG_MIPS_ISA_3__ => __DESIRED_TARGET_ARCH__,0,
__TARGET_e1__ => __ARCH_HAS_NO_SHARED__,0,
__DOSTRIP__ => __DESIRED_TARGET_ARCH__,0,
__CONFIG_MIPS_ISA_3__ => __ARCH_ANY_ENDIAN__,0,
__UCLIBC_HAS_STDIO_BUILTIN_BUFFER_4__ => __TARGET_ARCH__,0,
__UCLIBC_HAS_GETOPT_LONG__ => __TARGET_ARCH__,0,
__UCLIBC_FORMAT_SHARED_FLAT__ => __DESIRED_TARGET_ARCH__,0,
__UCLIBC_BUILD_MINIMAL_LOCALES__ => __DESIRED_TARGET_ARCH__,0,
__UCLIBC_GRP_BUFFER_SIZE__ => __FORCE_OPTIONS_FOR_ARCH__,0,
__UCLIBC_HAS_STRING_GENERIC_OPT__ => __HAVE_DOT_CONFIG__,0,
__UCLIBC_HAS_GLOB__ => __TARGET_ARCH__,0,
__UCLIBC_HAS_LFS__ => __HAVE_DOT_CONFIG__,0,
__ARCH_ANY_ENDIAN__ => __HAVE_DOT_CONFIG__,0,
__TARGET_frv__ => __ARCH_HAS_DEPRECATED_SYSCALLS__,0,
__UCLIBC_HAS_GLIBC_DIGIT_GROUPING__ => __HAVE_DOT_CONFIG__,0,
__UCLIBC_HAS_FOPEN_CLOSEEXEC_MODE__ => __FORCE_OPTIONS_FOR_ARCH__,0,
__UCLIBC_HAS_TZ_CACHING__ => __FORCE_OPTIONS_FOR_ARCH__,0,
__TARGET_bfin__ => __HAVE_DOT_CONFIG__,0,
__UCLIBC_BSD_SPECIFIC__ => __DESIRED_TARGET_ARCH__,0,
__UCLIBC_HAS_TM_EXTENSIONS__ => __DESIRED_TARGET_ARCH__,0,
__UCLIBC_HAS_NETWORK_SUPPORT__ => __HAVE_DOT_CONFIG__,0,
__UCLIBC_HAS_PTY__ => __HAVE_DOT_CONFIG__,0,
__CONFIG_K7__ => __ARCH_LITTLE_ENDIAN__,0,
__TARGET_sh64__ => __CONFIG_SH5__,0,
__UCLIBC_HAS_RESOLVER_SUPPORT__ => __FORCE_OPTIONS_FOR_ARCH__,0,
__DOMULTI__ => __FORCE_OPTIONS_FOR_ARCH__,0,
__UCLIBC_HAS_CTYPE_TABLES__ => __DESIRED_TARGET_ARCH__,0,
__CONFIG_SPARC_V9__ => __ARCH_HAS_DEPRECATED_SYSCALLS__,0,
__UCLIBC_BUILD_MINIMAL_LOCALE__ => __FORCE_OPTIONS_FOR_ARCH__,0,
__UCLIBC_HAS_FOPEN_CLOSEEXEC_MODE__ => __HAVE_DOT_CONFIG__,0,
__UCLIBC_HAS_STDIO_GETC_MACRO__ => __FORCE_OPTIONS_FOR_ARCH__,0,
__RUNTIME_PREFIX__ => __FORCE_OPTIONS_FOR_ARCH__,0,
__TARGET_sh__ => __FORCE_OPTIONS_FOR_ARCH__,0,
__LINUXTHREADS_OLD__ => __DESIRED_TARGET_ARCH__,0,
__UCLIBC_HAS_GETPT__ => __DESIRED_TARGET_ARCH__,0,
__TARGET_x86_64__ => __ARCH_HAS_DEPRECATED_SYSCALLS__,0,
__PROPOLICE_BLOCK_SEGV__ => __DESIRED_TARGET_ARCH__,0,
__CONFIG_586__ => __ARCH_HAS_DEPRECATED_SYSCALLS__,0,
__CONFIG_WINCHIPC6__ => __TARGET_i386__,0,
__UCLIBC_PWD_BUFFER_SIZE__ => __DESIRED_TARGET_ARCH__,0,
__DODEBUG_PT__ => __FORCE_OPTIONS_FOR_ARCH__,0,
__CONFIG_SPARC_V7__ => __TARGET_sparc__,0,
__UCLIBC_HAS_FOPEN_EXCLUSIVE_MODE__ => __HAVE_DOT_CONFIG__,0,
__CONFIG_SH2__ => __FORCE_OPTIONS_FOR_ARCH__,0,
__CONFIG_386__ => __HAVE_DOT_CONFIG__,0,
__UCLIBC_HAS_FPU__ => __FORCE_OPTIONS_FOR_ARCH__,0,
__UCLIBC_HAS_STDIO_SHUTDOWN_ON_ABORT__ => __HAVE_DOT_CONFIG__,0,
__UCLIBC_HAS_EPOLL__ => __FORCE_OPTIONS_FOR_ARCH__,0,
__CONFIG_MIPS_O32_ABI__ => __HAVE_DOT_CONFIG__,0,
__UCLIBC_HAS_RPC__ => __TARGET_ARCH__,0,
__TARGET_m68k__ => __FORCE_OPTIONS_FOR_ARCH__,0,
__UCLIBC_HAS_BSD_RES_CLOSE__ => __UCLIBC_HAS_NETWORK_SUPPORT__,0,
__TARGET_nios__ => __ARCH_HAS_NO_MMU__,0,
__UCLIBC_HAS_STDIO_BUFSIZ_2048__ => __TARGET_ARCH__,0,
__UCLIBC_FORMAT_FLAT__ => __ARCH_HAS_NO_SHARED__,0,
__ASSUME_DEVPTS__ => __UCLIBC_HAS_PTY__,0,
__UCLIBC_HAS_PTY__ => __TARGET_ARCH__,0,
__UCLIBC_HAS_GLIBC_CUSTOM_STREAMS__ => __FORCE_OPTIONS_FOR_ARCH__,0,
__UCLIBC_HAS_SSP_COMPAT__ => __FORCE_OPTIONS_FOR_ARCH__,0,
__UCLIBC_HAS_GNU_GETOPT__ => __FORCE_OPTIONS_FOR_ARCH__,0,
__TARGET_hppa__ => __HAVE_NO_SSP__,0,
__UCLIBC_FORMAT_SHARED_FLAT__ => __HAVE_DOT_CONFIG__,0,
__UCLIBC_HAS_TLS__ => __UCLIBC_HAS_THREADS__,0,
__EXTRA_WARNINGS__ => __HAVE_DOT_CONFIG__,0,
__LINUXTHREADS_OLD__ => __TARGET_ARCH__,0,
__CONFIG_MIPS_N64_ABI__ => __TARGET_ARCH__,0,
__UCLIBC_HAS_IPV6__ => __DESIRED_TARGET_ARCH__,0,
__UCLIBC_PRINTF_SCANF_POSITIONAL_ARGS__ => __FORCE_OPTIONS_FOR_ARCH__,0,
__UCLIBC_HAS_OBSOLETE_BSD_SIGNAL__ => __HAVE_DOT_CONFIG__,0,
__ARCH_HAS_NO_LDSO__ => __HAVE_DOT_CONFIG__,0,
__UCLIBC_BUILD_ALL_LOCALE__ => __FORCE_OPTIONS_FOR_ARCH__,0,
__TARGET_c6x__ => __DESIRED_TARGET_ARCH__,0,
__UNIX98PTY_ONLY__ => __TARGET_ARCH__,0,
__LINUXTHREADS_NEW__ => __DESIRED_TARGET_ARCH__,0,
__UCLIBC_BUILD_RELRO__ => __HAVE_SHARED__,0,
__UCLIBC_HAS_PROFILING__ => __HAVE_DOT_CONFIG__,0,
__UCLIBC_FORMAT_FLAT__ => __TARGET_ARCH__,0,
__UCLIBC_FORMAT_DSBT_ELF__ => __TARGET_ARCH__,0,
__UCLIBC_MALLOC_DEBUGGING__ => __FORCE_OPTIONS_FOR_ARCH__,0,
__UCLIBC_HAS_XLOCALE__ => __DESIRED_TARGET_ARCH__,0,
__UCLIBC_HAS_EXTRA_COMPAT_RES_STATE__ => __HAVE_DOT_CONFIG__,0,
__TARGET_alpha__ => __ARCH_HAS_NO_LDSO__,0,
__UCLIBC_HAS_REGEX_OLD__ => __UCLIBC_HAS_REGEX__,0,
__UCLIBC_HAS_FTS__ => __DESIRED_TARGET_ARCH__,0,
__UCLIBC_HAS_SSP__ => __DESIRED_TARGET_ARCH__,0,
__CONFIG_CLASSIC__ => __FORCE_OPTIONS_FOR_ARCH__,0,
__LINKRELAX__ => __FORCE_OPTIONS_FOR_ARCH__,0,
__UCLIBC_HAS_STDIO_GETC_MACRO__ => __TARGET_ARCH__,0,
__UCLIBC_HAS_COMPAT_RES_STATE__ => __HAVE_DOT_CONFIG__,0,
__LDSO_LDD_SUPPORT__ => __FORCE_OPTIONS_FOR_ARCH__,0,
__DOSTRIP__ => __FORCE_OPTIONS_FOR_ARCH__,0,
__UCLIBC_HAS_EPOLL__ => __HAVE_DOT_CONFIG__,0,
__USE_OLD_VFPRINTF__ => __DESIRED_TARGET_ARCH__,0,
__UCLIBC_HAS_STDIO_AUTO_RW_TRANSITION__ => __HAVE_DOT_CONFIG__,0,
__CONFIG_GENERIC_C6X__ => __DESIRED_TARGET_ARCH__,0,
__CONFIG_SH2__ => __UCLIBC_UCLINUX_BROKEN_MUNMAP__,0,
__CONFIG_MIPS_ISA_4__ => __ARCH_HAS_DEPRECATED_SYSCALLS__,0,
__UCLIBC_HAS_BSD_ERR__ => __HAVE_DOT_CONFIG__,0,
__UCLIBC_BUILD_MINIMAL_LOCALES__ => __FORCE_OPTIONS_FOR_ARCH__,0,
__UCLIBC_HAS_WORDEXP__ => __TARGET_ARCH__,0,
__DEVEL_PREFIX__ => __FORCE_OPTIONS_FOR_ARCH__,0,
__TARGET_v850__ => __DESIRED_TARGET_ARCH__,0,
__UCLIBC_HAS_LIBNSL_STUB__ => __TARGET_ARCH__,0,
__CONFIG_META_1_2__ => __DESIRED_TARGET_ARCH__,0,
__DOPIC__ => __DESIRED_TARGET_ARCH__,0,
__TARGET_vax__ => __ARCH_HAS_DEPRECATED_SYSCALLS__,0,
__UCLIBC_HAS_RPC__ => __UCLIBC_HAS_NETWORK_SUPPORT__,0,
__UCLIBC_HAS_GNU_GLOB__ => __TARGET_ARCH__,0,
__CONFIG_SPARC_V8__ => __TARGET_ARCH__,0,
__LINUXTHREADS_NEW__ => __TARGET_ARCH__,0,
__UCLIBC_SUPPORT_AI_ADDRCONFIG__ => __FORCE_OPTIONS_FOR_ARCH__,0,
__CONFIG_SH5__ => __ARCH_ANY_ENDIAN__,0,
__TARGET_SUBARCH__ => __ARCH_HAS_DEPRECATED_SYSCALLS__,0,
__USE_BX__ => __TARGET_ARCH__,0,
__CONFIG_CLASSIC__ => __TARGET_ARCH__,0,
__TARGET_metag__ => __ARCH_LITTLE_ENDIAN__,0,
__CONFIG_MIPS_ISA_MIPS32__ => __TARGET_ARCH__,0,
__UCLIBC_SHARED_FLAT_ID__ => __DESIRED_TARGET_ARCH__,0,
__TARGET_nios__ => __FORCE_OPTIONS_FOR_ARCH__,0,
__DODEBUG__ => __HAVE_DOT_CONFIG__,0,
__UCLIBC_HAS_GLIBC_CUSTOM_PRINTF__ => __FORCE_OPTIONS_FOR_ARCH__,0,
__CONFIG_CYRIXIII__ => __FORCE_OPTIONS_FOR_ARCH__,0,
__UCLIBC_UCLINUX_BROKEN_MUNMAP__ => __HAVE_DOT_CONFIG__,0,
__CONFIG_SH3__ => __ARCH_ANY_ENDIAN__,0,
__TARGET_sparc__ => __ARCH_HAS_DEPRECATED_SYSCALLS__,0,
__UCLIBC_HAS_TLS__ => __UCLIBC_HAS_THREADS_NATIVE__,0,
__UCLIBC_STATIC_LDCONFIG__ => __HAVE_SHARED__,0,
__UCLIBC_USE_NETLINK__ => __FORCE_OPTIONS_FOR_ARCH__,0,
__MALLOC_GLIBC_COMPAT__ => __DESIRED_TARGET_ARCH__,0,
__UCLIBC_USE_NETLINK__ => __DESIRED_TARGET_ARCH__,0,
__ARCH_WANTS_BIG_ENDIAN__ => __ARCH_BIG_ENDIAN__,0,
__UCLIBC_MALLOC_DEBUGGING__ => __HAVE_DOT_CONFIG__,0,
__ARCH_HAS_MMU__ => __FORCE_OPTIONS_FOR_ARCH__,0,
__UCLIBC_HAS_SYSLOG__ => __TARGET_ARCH__,0,
__TARGET_hppa__ => __HAVE_DOT_CONFIG__,0,
__UCLIBC_SUSV2_LEGACY__ => __FORCE_OPTIONS_FOR_ARCH__,0,
__UCLIBC_HAS_PRINTF_M_SPEC__ => __HAVE_DOT_CONFIG__,0,
__UCLIBC_HAS_CTYPE_TABLES__ => __TARGET_ARCH__,0,
__MALLOC__ => __TARGET_ARCH__,0,
__CONFIG_TMS320C64X__ => __TARGET_ARCH__,0,
__TARGET_alpha__ => __FORCE_OPTIONS_FOR_ARCH__,0,
__UCLIBC_SHARED_FLAT_ID__ => __UCLIBC_FORMAT_SHARED_FLAT__,0,
__UCLIBC_HAS_GETOPT_LONG__ => __HAVE_DOT_CONFIG__,0,
__LDSO_LD_LIBRARY_PATH__ => __HAVE_SHARED__,0,
__UCLIBC_SHARED_FLAT_ID__ => __ARCH_HAS_NO_SHARED__,0,
__TARGET_mips__ => __ARCH_HAS_UCONTEXT__,0,
__UCLIBC_HAS_CTYPE_UNSAFE__ => __HAVE_DOT_CONFIG__,0,
__CONFIG_SH5__ => __ARCH_HAS_DEPRECATED_SYSCALLS__,0,
__UCLIBC_HAS_ADVANCED_REALTIME__ => __FORCE_OPTIONS_FOR_ARCH__,0,
__LDSO_PRELOAD_FILE_SUPPORT__ => __DESIRED_TARGET_ARCH__,0,
__TARGET_hppa__ => __DESIRED_TARGET_ARCH__,0,
__HAS_NO_THREADS__ => __HAVE_DOT_CONFIG__,0,
__DO_C99_MATH__ => __UCLIBC_HAS_FLOATS__,0,
__LDSO_PRELINK_SUPPORT__ => __DESIRED_TARGET_ARCH__,0,
__LDSO_LDD_SUPPORT__ => __HAVE_SHARED__,0,
__UCLIBC_STRICT_HEADERS__ => __FORCE_OPTIONS_FOR_ARCH__,0,
__UCLIBC_HAS_THREADS__ => __TARGET_ARCH__,0,
__ARCH_HAS_DEPRECATED_SYSCALLS__ => __HAVE_DOT_CONFIG__,0,
__CONFIG_AVR32_AP7__ => __TARGET_ARCH__,0,
__UCLIBC_HAS_STDIO_AUTO_RW_TRANSITION__ => __DESIRED_TARGET_ARCH__,0,
__UCLIBC_HAS_STDIO_GETC_MACRO__ => __HAVE_DOT_CONFIG__,0,
__TARGET_mips__ => __HAVE_DOT_CONFIG__,0,
__UCLIBC_HAS_FOPEN_EXCLUSIVE_MODE__ => __FORCE_OPTIONS_FOR_ARCH__,0,
__PROPOLICE_BLOCK_SEGV__ => __HAVE_DOT_CONFIG__,0,
__UCLIBC_HAS_GETPT__ => __FORCE_OPTIONS_FOR_ARCH__,0,
__UCLIBC_HAS_SHA256_CRYPT_IMPL__ => __UCLIBC_HAS_CRYPT__,0,
__ARCH_HAS_DEPRECATED_SYSCALLS__ => __TARGET_ARCH__,0,
__SSP_QUICK_CANARY__ => __UCLIBC_HAS_SSP__,0,
__UCLIBC_BUILD_PIE__ => __FORCE_OPTIONS_FOR_ARCH__,0,
__CONFIG_MIPS_ISA_MIPS64__ => __DESIRED_TARGET_ARCH__,0,
__CONFIG_CRUSOE__ => __TARGET_i386__,0,
__TARGET_microblaze__ => __HAVE_DOT_CONFIG__,0,
__HAVE_NO_SSP__ => __ARCH_BIG_ENDIAN__,0,
__TARGET_m68k__ => __ARCH_BIG_ENDIAN__,0,
__UCLIBC_HAS_IPV6__ => __UCLIBC_HAS_NETWORK_SUPPORT__,0,
__LDSO_NO_CLEANUP__ => __DESIRED_TARGET_ARCH__,0,
__UCLIBC_BUILD_MINIMAL_LOCALES__ => __UCLIBC_BUILD_MINIMAL_LOCALE__,0,
__MALLOC_SIMPLE__ => __FORCE_OPTIONS_FOR_ARCH__,0,
__TARGET_v850__ => __ARCH_LITTLE_ENDIAN__,0,
__TARGET_frv__ => __ARCH_BIG_ENDIAN__,0,
__EXTRA_WARNINGS__ => __TARGET_ARCH__,0,
__TARGET_vax__ => __ARCH_HAS_NO_SHARED__,0,
__UCLIBC_HAS_CTYPE_CHECKED__ => __UCLIBC_HAS_CTYPE_TABLES__,1,
__CONFIG_PENTIUM4__ => __FORCE_OPTIONS_FOR_ARCH__,0,
__CONFIG_SPARC_V8__ => __HAVE_DOT_CONFIG__,0,
__CONFIG_MIPS_ISA_MIPS32__ => __TARGET_mips__,0,
__TARGET_bfin__ => __TARGET_ARCH__,0,
__UCLIBC_SUPPORT_AI_ADDRCONFIG__ => __UCLIBC_HAS_NETWORK_SUPPORT__,0,
__CONFIG_H8S__ => __HAVE_DOT_CONFIG__,0,
__UCLIBC_HAS_FULL_RPC__ => __TARGET_ARCH__,0,
__UCLIBC_HAS_GLIBC_CUSTOM_STREAMS__ => __DESIRED_TARGET_ARCH__,0,
__UCLIBC_HAS_GLIBC_CUSTOM_PRINTF__ => __DESIRED_TARGET_ARCH__,0,
__UCLIBC_HAS_LIBRESOLV_STUB__ => __TARGET_ARCH__,0,
__TARGET_vax__ => __FORCE_OPTIONS_FOR_ARCH__,0,
__UCLIBC_FORMAT_FDPIC_ELF__ => __DESIRED_TARGET_ARCH__,0,
__TARGET_c6x__ => __FORCE_OPTIONS_FOR_ARCH__,0,
__CONFIG_H8300H__ => __ARCH_ANY_ENDIAN__,0,
__TARGET_alpha__ => __TARGET_ARCH__,0,
__CONFIG_SPARC_V8__ => __DESIRED_TARGET_ARCH__,0,
__UCLIBC_HAS_FNMATCH_OLD__ => __UCLIBC_HAS_FNMATCH__,0,
__UCLIBC_HAS_SYSLOG__ => __HAVE_DOT_CONFIG__,0,
__TARGET_hppa__ => __ARCH_HAS_DEPRECATED_SYSCALLS__,0,
__ARCH_HAS_UCONTEXT__ => __HAVE_DOT_CONFIG__,0,
__UCLIBC_HAS_SSP_COMPAT__ => __DESIRED_TARGET_ARCH__,0,
__UCLIBC_HAS_SHA512_CRYPT_IMPL__ => __HAVE_DOT_CONFIG__,0,
__CONFIG_MIPS_ISA_MIPS32__ => __ARCH_HAS_UCONTEXT__,0,
__ARCH_LITTLE_ENDIAN__ => __HAVE_DOT_CONFIG__,0,
__UCLIBC_HAS_LIBUTIL__ => __DESIRED_TARGET_ARCH__,0,
__CONFIG_MIPS_ISA_2__ => __FORCE_OPTIONS_FOR_ARCH__,0,
__UCLIBC_HAS_REENTRANT_RPC__ => __UCLIBC_HAS_RPC__,0,
__UCLIBC_HAS_LOCALE__ => __HAVE_DOT_CONFIG__,0,
__UCLIBC_BUILD_PIE__ => __HAVE_DOT_CONFIG__,0,
__CONFIG_CRIS__ => __TARGET_cris__,0,
__TARGET_e1__ => __ARCH_HAS_NO_LDSO__,0,
__UCLIBC_HAS_REALTIME__ => __DESIRED_TARGET_ARCH__,0,
__ARCH_HAS_BWD_MEMCPY__ => __HAVE_DOT_CONFIG__,0,
__CONFIG_CYRIXIII__ => __DESIRED_TARGET_ARCH__,0,
__TARGET_i960__ => __FORCE_OPTIONS_FOR_ARCH__,0,
__DOASSERTS__ => __FORCE_OPTIONS_FOR_ARCH__,0,
__UCLIBC_BUILD_NOEXECSTACK__ => __HAVE_DOT_CONFIG__,0,
__UCLIBC_HAS___PROGNAME__ => __HAVE_DOT_CONFIG__,0,
__TARGET_i960__ => __ARCH_HAS_NO_LDSO__,0,
__HAVE_SHARED__ => __DESIRED_TARGET_ARCH__,0,
__UCLIBC_HAS_PRINTF_M_SPEC__ => __DESIRED_TARGET_ARCH__,0,
__KERNEL_HEADERS__ => __DESIRED_TARGET_ARCH__,0,
__UCLIBC_BSD_SPECIFIC__ => __TARGET_ARCH__,0,
__CONFIG_NEHEMIAH__ => __HAVE_DOT_CONFIG__,0,
__TARGET_metag__ => __FORCE_OPTIONS_FOR_ARCH__,0,
__CONFIG_686__ => __ARCH_HAS_DEPRECATED_SYSCALLS__,0,
__UCLIBC_HAS_GETTEXT_AWARENESS__ => __DESIRED_TARGET_ARCH__,0,
__CONFIG_WINCHIPC6__ => __HAVE_DOT_CONFIG__,0,
__CONFIG_MIPS_ISA_2__ => __HAVE_DOT_CONFIG__,0,
__TARGET_powerpc__ => __TARGET_ARCH__,0,
__UCLIBC_USE_NETLINK__ => __UCLIBC_HAS_NETWORK_SUPPORT__,0,
__UCLIBC_HAS_SYS_SIGLIST__ => __UCLIBC_HAS_SIGNUM_MESSAGES__,0,
__CONFIG_MIPS_N64_ABI__ => __DESIRED_TARGET_ARCH__,0,
__TARGET_h8300__ => __HAVE_DOT_CONFIG__,0,
__UCLIBC_HAS_STDIO_PUTC_MACRO__ => __HAVE_DOT_CONFIG__,0,
__TARGET_SUBARCH__ => __HAVE_DOT_CONFIG__,0,
__TARGET_v850__ => __HAVE_DOT_CONFIG__,0,
__COMPILE_IN_THUMB_MODE__ => __DESIRED_TARGET_ARCH__,0,
__CONFIG_CRIS__ => __DESIRED_TARGET_ARCH__,0,
__UCLIBC_HAS_STDIO_BUFSIZ_4096__ => __DESIRED_TARGET_ARCH__,0,
__CONFIG_WINCHIP2__ => __TARGET_ARCH__,0,
__UCLIBC_HAS_WORDEXP__ => __UCLIBC_HAS_GLOB__,0,
__UCLIBC_LINUX_MODULE_24__ => __TARGET_ARCH__,0,
__UCLIBC_HAS_TLS__ => __TARGET_ARCH__,0,
__CONFIG_MIPS_ISA_2__ => __ARCH_ANY_ENDIAN__,0,
__UCLIBC_HAS_BSD_ERR__ => __FORCE_OPTIONS_FOR_ARCH__,0,
__CONFIG_TMS320C64XPLUS__ => __UCLIBC_UCLINUX_BROKEN_MUNMAP__,0,
__UCLIBC_EXTRA_CFLAGS__ => __HAVE_DOT_CONFIG__,0,
__UCLIBC_HAS_EPOLL__ => __TARGET_ARCH__,0,
__TARGET_alpha__ => __ARCH_LITTLE_ENDIAN__,0,
__UCLIBC_HAS_PTY__ => __FORCE_OPTIONS_FOR_ARCH__,0,
__TARGET_vax__ => __DESIRED_TARGET_ARCH__,0,
__TARGET_sh__ => __TARGET_ARCH__,0,
__TARGET_nios2__ => __UCLIBC_UCLINUX_BROKEN_MUNMAP__,0,
__USE_BX__ => __TARGET_arm__,0,
__SSP_QUICK_CANARY__ => __FORCE_OPTIONS_FOR_ARCH__,0,
__UCLIBC_HAS_IPV4__ => __DESIRED_TARGET_ARCH__,0,
__CONFIG_SH2A__ => __FORCE_OPTIONS_FOR_ARCH__,0,
__CONFIG_META_2_1__ => __TARGET_ARCH__,0,
__CONFIG_TMS320C64X__ => __ARCH_ANY_ENDIAN__,0,
__TARGET_vax__ => __TARGET_ARCH__,0,
__TARGET_microblaze__ => __TARGET_ARCH__,0,
__CONFIG_CYRIXIII__ => __TARGET_ARCH__,0,
__CONFIG_GENERIC_C6X__ => __HAVE_DOT_CONFIG__,0,
__UCLIBC_HAS_CTYPE_SIGNED__ => __HAVE_DOT_CONFIG__,0,
__TARGET_ia64__ => __HAVE_DOT_CONFIG__,0,
__ARCH_HAS_BWD_MEMCPY__ => __FORCE_OPTIONS_FOR_ARCH__,0,
__CONFIG_MIPS_O32_ABI__ => __ARCH_HAS_DEPRECATED_SYSCALLS__,0,
__UCLIBC_SUSV3_LEGACY__ => __HAVE_DOT_CONFIG__,0,
__COMPAT_ATEXIT__ => __TARGET_ARCH__,0,
__UCLIBC_SUSV3_LEGACY_MACROS__ => __FORCE_OPTIONS_FOR_ARCH__,0,
__UCLIBC_HAS_XATTR__ => __FORCE_OPTIONS_FOR_ARCH__,0,
__CONFIG_K7__ => __ARCH_HAS_DEPRECATED_SYSCALLS__,0,
__UCLIBC_HAS_CRYPT_IMPL__ => __DESIRED_TARGET_ARCH__,0,
__UCLIBC_HAS_ADVANCED_REALTIME__ => __DESIRED_TARGET_ARCH__,0,
__ARCH_HAS_NO_MMU__ => __HAVE_DOT_CONFIG__,0,
__SSP_QUICK_CANARY__ => __DESIRED_TARGET_ARCH__,0,
__CONFIG_SPARC_V7__ => __DESIRED_TARGET_ARCH__,0,
__UNIX98PTY_ONLY__ => __FORCE_OPTIONS_FOR_ARCH__,0,
__CONFIG_PENTIUM4__ => __ARCH_HAS_DEPRECATED_SYSCALLS__,0,
__UCLIBC_FALLBACK_TO_ETC_LOCALTIME__ => __UCLIBC_HAS_TZ_FILE__,0,
__ARCH_LITTLE_ENDIAN__ => __TARGET_ARCH__,0,
__UCLIBC_BUILD_NOW__ => __HAVE_SHARED__,0,
__FORCE_SHAREABLE_TEXT_SEGMENTS__ => __FORCE_OPTIONS_FOR_ARCH__,0,
__TARGET_powerpc__ => __FORCE_OPTIONS_FOR_ARCH__,0,
__CONFIG_WINCHIPC6__ => __ARCH_HAS_UCONTEXT__,0,
__UCLIBC_HAS_FTS__ => __FORCE_OPTIONS_FOR_ARCH__,0,
__UCLIBC_FORMAT_DSBT_ELF__ => __UCLIBC_UCLINUX_BROKEN_MUNMAP__,0,
__ARCH_HAS_BWD_MEMCPY__ => __CONFIG_SH4__,0,
__TARGET_h8300__ => __ARCH_HAS_NO_MMU__,0,
__CONFIG_SH5__ => __TARGET_sh64__,0,
__DO_C99_MATH__ => __TARGET_ARCH__,0,
__UCLIBC_BUILD_MINIMAL_LOCALE__ => __DESIRED_TARGET_ARCH__,0,
__CONFIG_GENERIC_386__ => __ARCH_LITTLE_ENDIAN__,0,
__CONFIG_SPARC_V9__ => __FORCE_OPTIONS_FOR_ARCH__,0,
__TARGET_h8300__ => __ARCH_HAS_DEPRECATED_SYSCALLS__,0,
__CONFIG_CRUSOE__ => __DESIRED_TARGET_ARCH__,0,
__LDSO_STANDALONE_SUPPORT__ => __FORCE_OPTIONS_FOR_ARCH__,0,
__CONFIG_SPARC_V8__ => __FORCE_OPTIONS_FOR_ARCH__,0,
__UCLIBC_HAS_STUBS__ => __FORCE_OPTIONS_FOR_ARCH__,0,
__MALLOC_STANDARD__ => __TARGET_ARCH__,0,
__LDSO_GNU_HASH_SUPPORT__ => __HAVE_DOT_CONFIG__,0,
__UCLIBC_HAS_STDIO_BUILTIN_BUFFER_4__ => __FORCE_OPTIONS_FOR_ARCH__,0,
__UCLIBC_HAS_SCANF_LENIENT_DIGIT_GROUPING__ => __TARGET_ARCH__,0,
__UCLIBC_HAS_TZ_FILE__ => __FORCE_OPTIONS_FOR_ARCH__,0,
__CONFIG_686__ => __FORCE_OPTIONS_FOR_ARCH__,0,
__UCLIBC_HAS_SYS_SIGLIST__ => __DESIRED_TARGET_ARCH__,0,
__CONFIG_MIPS_ISA_4__ => __DESIRED_TARGET_ARCH__,0,
__ARCH_HAS_UCONTEXT__ => __ARCH_HAS_DEPRECATED_SYSCALLS__,0,
__CONFIG_K7__ => __ARCH_HAS_UCONTEXT__,0,
__UCLIBC_DYNAMIC_ATEXIT__ => __DESIRED_TARGET_ARCH__,0,
__CONFIG_H8300H__ => __ARCH_HAS_NO_LDSO__,0,
__UCLIBC_HAS_IPV6__ => __TARGET_ARCH__,0,
__CONFIG_MIPS_N64_ABI__ => __TARGET_mips__,0,
__CONFIG_E500__ => __ARCH_BIG_ENDIAN__,0,
__CONFIG_MIPS_ISA_2__ => __TARGET_mips__,0,
__UCLIBC_HAS_STDIO_SHUTDOWN_ON_ABORT__ => __TARGET_ARCH__,0,
__ARCH_LITTLE_ENDIAN__ => __FORCE_OPTIONS_FOR_ARCH__,0,
__TARGET_powerpc__ => __DESIRED_TARGET_ARCH__,0,
__ARCH_ANY_ENDIAN__ => __FORCE_OPTIONS_FOR_ARCH__,0,
__UCLIBC_SUSV4_LEGACY__ => __HAVE_DOT_CONFIG__,0,
__UCLIBC_PWD_BUFFER_SIZE__ => __HAVE_DOT_CONFIG__,0,
__CONFIG_E500__ => __TARGET_SUBARCH__,0,
__UCLIBC_HAS_FLOATS__ => __FORCE_OPTIONS_FOR_ARCH__,0,
__UCLIBC_HAS_GLOB__ => __FORCE_OPTIONS_FOR_ARCH__,0,
__UCLIBC_STATIC_LDCONFIG__ => __HAVE_DOT_CONFIG__,0,
__LDSO_BASE_FILENAME__ => __HAVE_DOT_CONFIG__,0,
__ARCH_USE_MMU__ => __FORCE_OPTIONS_FOR_ARCH__,0,
__CONFIG_META_1_2__ => __FORCE_OPTIONS_FOR_ARCH__,0,
__CONFIG_TMS320C64X__ => __FORCE_OPTIONS_FOR_ARCH__,0,
__UCLIBC_HAS_FULL_RPC__ => __UCLIBC_HAS_RPC__,0,
__CONFIG_ELAN__ => __ARCH_HAS_UCONTEXT__,0,
__MULTILIB_DIR__ => __DESIRED_TARGET_ARCH__,0,
__UCLIBC_HAS_STDIO_BUFSIZ_NONE__ => __TARGET_ARCH__,0,
__SUPPORT_LD_DEBUG_EARLY__ => __FORCE_OPTIONS_FOR_ARCH__,0,
__UCLIBC_HAS_CTYPE_SIGNED__ => __UCLIBC_HAS_CTYPE_TABLES__,0,
__TARGET_vax__ => __ARCH_HAS_NO_LDSO__,0,
__TARGET_i960__ => __HAVE_DOT_CONFIG__,0,
__CONFIG_SPARC_V9B__ => __ARCH_HAS_DEPRECATED_SYSCALLS__,0,
__ARCH_WANTS_BIG_ENDIAN__ => __ARCH_ANY_ENDIAN__,0,
__CONFIG_E500__ => __TARGET_powerpc__,0,
__UCLIBC_HAS_STDIO_BUFSIZ_4096__ => __FORCE_OPTIONS_FOR_ARCH__,0,
__CONFIG_MIPS_N32_ABI__ => __HAVE_DOT_CONFIG__,0,
__CONFIG_PENTIUM4__ => __DESIRED_TARGET_ARCH__,0,
__ARCH_HAS_NO_MMU__ => __DESIRED_TARGET_ARCH__,0,
__CONFIG_H8300H__ => __UCLIBC_UCLINUX_BROKEN_MUNMAP__,0,
__FORCE_OPTIONS_FOR_ARCH__ => __DESIRED_TARGET_ARCH__,0,
__CONFIG_586MMX__ => __HAVE_DOT_CONFIG__,0,
__CONFIG_GENERIC_386__ => __ARCH_HAS_DEPRECATED_SYSCALLS__,0,
__TARGET_h8300__ => __UCLIBC_UCLINUX_BROKEN_MUNMAP__,0,
__FORCE_OPTIONS_FOR_ARCH__ => __HAVE_DOT_CONFIG__,0,
__CONFIG_SPARC_V9__ => __DESIRED_TARGET_ARCH__,0,
__LDSO_LD_LIBRARY_PATH__ => __HAVE_DOT_CONFIG__,0,
__TARGET_cris__ => __TARGET_ARCH__,0,
__UCLIBC_HAS_BSD_ERR__ => __TARGET_ARCH__,0,
__CONFIG_SPARC_V8__ => __ARCH_BIG_ENDIAN__,0,
__CONFIG_MIPS_ISA_2__ => __ARCH_HAS_UCONTEXT__,0,
__CONFIG_SH2__ => __DESIRED_TARGET_ARCH__,0,
__UCLIBC_LINUX_SPECIFIC__ => __HAVE_DOT_CONFIG__,0,
__UCLIBC_HAS_SYS_ERRLIST__ => __UCLIBC_HAS_ERRNO_MESSAGES__,0,
__DODEBUG__ => __FORCE_OPTIONS_FOR_ARCH__,0,
__ARCH_WANTS_LITTLE_ENDIAN__ => __DESIRED_TARGET_ARCH__,0,
__CONFIG_686__ => __TARGET_ARCH__,0,
__CONFIG_META_1_2__ => __TARGET_metag__,0,
__CONFIG_MIPS_ISA_MIPS32R2__ => __FORCE_OPTIONS_FOR_ARCH__,0,
__MULTILIB_DIR__ => __TARGET_ARCH__,0,
__UCLIBC_HAS_SSP_COMPAT__ => __TARGET_ARCH__,0,
__UCLIBC_HAS_SCANF_LENIENT_DIGIT_GROUPING__ => __FORCE_OPTIONS_FOR_ARCH__,0,
__CONFIG_AVR32_AP7__ => __FORCE_OPTIONS_FOR_ARCH__,0,
__CONFIG_SPARC_V9B__ => __TARGET_sparc__,0,
__DEVEL_PREFIX__ => __TARGET_ARCH__,0,
__UCLIBC_HAS_CTYPE_ENFORCED__ => __UCLIBC_HAS_CTYPE_TABLES__,1,
__UCLIBC_STRICT_HEADERS__ => __TARGET_ARCH__,0,
__CONFIG_PENTIUMII__ => __DESIRED_TARGET_ARCH__,0,
__UCLIBC_HAS_LIBNSL_STUB__ => __DESIRED_TARGET_ARCH__,0,
__ARCH_HAS_NO_LDSO__ => __ARCH_HAS_NO_SHARED__,0,
__UCLIBC_FORMAT_FLAT__ => __FORCE_OPTIONS_FOR_ARCH__,0,
__UCLIBC_HAS_GNU_GETSUBOPT__ => __TARGET_ARCH__,0,
__TARGET_cris__ => __FORCE_OPTIONS_FOR_ARCH__,0,
__UCLIBC_HAS_ARC4RANDOM__ => __FORCE_OPTIONS_FOR_ARCH__,0,
__CONFIG_586MMX__ => __ARCH_LITTLE_ENDIAN__,0,
__UCLIBC_HAS_GLOB__ => __HAVE_DOT_CONFIG__,0,
__UCLIBC_HAS_REALTIME__ => __HAVE_DOT_CONFIG__,0,
__DODEBUG_PT__ => __LINUXTHREADS_OLD__,0,
__UCLIBC_HAS_GNU_ERROR__ => __FORCE_OPTIONS_FOR_ARCH__,0,
__CONFIG_MIPS_O32_ABI__ => __FORCE_OPTIONS_FOR_ARCH__,0,
__CONFIG_K7__ => __TARGET_ARCH__,0,
__HAVE_NO_PIC__ => __ARCH_HAS_DEPRECATED_SYSCALLS__,0,
__UCLIBC_HAS_SIGNUM_MESSAGES__ => __HAVE_DOT_CONFIG__,0,
__LDSO_BASE_FILENAME__ => __FORCE_OPTIONS_FOR_ARCH__,0,
__UCLIBC_HAS_ERRNO_MESSAGES__ => __TARGET_ARCH__,0,
__UCLIBC_FORMAT_DSBT_ELF__ => __DESIRED_TARGET_ARCH__,0,
__CONFIG_386__ => __ARCH_LITTLE_ENDIAN__,0,
__TARGET_i386__ => __DESIRED_TARGET_ARCH__,0,
__CONFIG_586__ => __TARGET_ARCH__,0,
__TARGET_avr32__ => __ARCH_HAS_DEPRECATED_SYSCALLS__,0,
__LDSO_SEARCH_INTERP_PATH__ => __FORCE_OPTIONS_FOR_ARCH__,0,
__CONFIG_CLASSIC__ => __DESIRED_TARGET_ARCH__,0,
__ARCH_HAS_BWD_MEMCPY__ => __ARCH_ANY_ENDIAN__,0,
__UCLIBC_HAS_FTW__ => __HAVE_DOT_CONFIG__,0,
__KERNEL_HEADERS__ => __FORCE_OPTIONS_FOR_ARCH__,0,
__UCLIBC_HAS_LIBRESOLV_STUB__ => __DESIRED_TARGET_ARCH__,0,
__CONFIG_586MMX__ => __ARCH_HAS_UCONTEXT__,0,
__UCLIBC_HAS_BACKTRACE__ => __HAVE_DOT_CONFIG__,0,
__COMPAT_ATEXIT__ => __FORCE_OPTIONS_FOR_ARCH__,0,
__TARGET_m68k__ => __HAVE_DOT_CONFIG__,0,
__UCLIBC_HAS_COMPAT_RES_STATE__ => __TARGET_ARCH__,0,
__UCLIBC_HAS_SOCKET__ => __DESIRED_TARGET_ARCH__,0,
__TARGET_sparc__ => __HAVE_DOT_CONFIG__,0,
__UCLIBC_HAS_FENV__ => __DESIRED_TARGET_ARCH__,0,
__UCLIBC_HAS_SOFT_FLOAT__ => __UCLIBC_HAS_FLOATS__,0,
__UCLIBC_CTOR_DTOR__ => __FORCE_OPTIONS_FOR_ARCH__,0,
__CONFIG_686__ => __ARCH_LITTLE_ENDIAN__,0,
__CONFIG_SH2A__ => __ARCH_ANY_ENDIAN__,0,
__TARGET_sparc__ => __TARGET_ARCH__,0,
__MALLOC_SIMPLE__ => __TARGET_ARCH__,0,
__UCLIBC_HAS_GETTEXT_AWARENESS__ => __UCLIBC_MJN3_ONLY__,0,
__CONFIG_MIPS_ISA_1__ => __FORCE_OPTIONS_FOR_ARCH__,0,
__CONFIG_MIPS_ISA_3__ => __TARGET_ARCH__,0,
__UCLIBC_HAS_GNU_GETOPT__ => __DESIRED_TARGET_ARCH__,0,
__UCLIBC_HAS_THREADS_NATIVE__ => __DESIRED_TARGET_ARCH__,0,
__LDSO_PRELOAD_ENV_SUPPORT__ => __TARGET_ARCH__,0,
__UCLIBC_HAS_CTYPE_TABLES__ => __FORCE_OPTIONS_FOR_ARCH__,0,
__SUPPORT_LD_DEBUG__ => __DESIRED_TARGET_ARCH__,0,
__UCLIBC_HAS_BSD_RES_CLOSE__ => __TARGET_ARCH__,0,
__TARGET_alpha__ => __HAVE_DOT_CONFIG__,0,
__UCLIBC_HAS_OBSOLETE_SYSV_SIGNAL__ => __HAVE_DOT_CONFIG__,0,
__CONFIG_586__ => __ARCH_HAS_UCONTEXT__,0,
__UCLIBC_HAS_STDIO_BUFSIZ_512__ => __FORCE_OPTIONS_FOR_ARCH__,0,
__TARGET_nios2__ => __HAVE_NO_PIC__,0,
__TARGET_nios2__ => __TARGET_ARCH__,0,
__CONFIG_MIPS_N64_ABI__ => __ARCH_HAS_DEPRECATED_SYSCALLS__,0,
__UCLIBC_HAS_STRING_GENERIC_OPT__ => __TARGET_ARCH__,0,
__TARGET_powerpc__ => __ARCH_HAS_DEPRECATED_SYSCALLS__,0,
__UCLIBC_HAS_XLOCALE__ => __UCLIBC_HAS_LOCALE__,1,
__UCLIBC_HAS_CTYPE_SIGNED__ => __TARGET_ARCH__,0,
__SUPPORT_LD_DEBUG__ => __HAVE_DOT_CONFIG__,0,
__TARGET_xtensa__ => __HAVE_DOT_CONFIG__,0,
__UCLIBC_HAS_LONG_DOUBLE_MATH__ => __ARCH_HAS_DEPRECATED_SYSCALLS__,0,
__UCLIBC_BUILD_NOEXECSTACK__ => __DESIRED_TARGET_ARCH__,0,
__UCLIBC_HAS_SHADOW__ => __DESIRED_TARGET_ARCH__,0,
__MALLOC__ => __HAVE_DOT_CONFIG__,0,
__UCLIBC_DYNAMIC_ATEXIT__ => __TARGET_ARCH__,0,
__CONFIG_CRUSOE__ => __ARCH_LITTLE_ENDIAN__,0,
__UCLIBC_HAS_SSP__ => __FORCE_OPTIONS_FOR_ARCH__,0,
__CONFIG_SH3__ => __FORCE_OPTIONS_FOR_ARCH__,0,
__UCLIBC_HAS_HEXADECIMAL_FLOATS__ => __UCLIBC_HAS_FLOATS__,0,
__TARGET_nios__ => __ARCH_HAS_NO_SHARED__,0,
__CONFIG_MIPS_N32_ABI__ => __FORCE_OPTIONS_FOR_ARCH__,0,
__UCLIBC_HAS_ADVANCED_REALTIME__ => __TARGET_ARCH__,0,
__TARGET_x86_64__ => __FORCE_OPTIONS_FOR_ARCH__,0,
__UCLIBC_HAS_RESOLVER_SUPPORT__ => __UCLIBC_HAS_NETWORK_SUPPORT__,0,
__HAVE_NO_PIC__ => __FORCE_OPTIONS_FOR_ARCH__,0,
__DODEBUG_PT__ => __UCLIBC_HAS_THREADS__,0,
__CONFIG_MIPS_ISA_4__ => __FORCE_OPTIONS_FOR_ARCH__,0,
__UCLIBC_FORMAT_FLAT__ => __ARCH_HAS_NO_LDSO__,0,
__UCLIBC_HAS_GLIBC_DIGIT_GROUPING__ => __UCLIBC_HAS_LOCALE__,1,
__TARGET_microblaze__ => __FORCE_OPTIONS_FOR_ARCH__,0,
__TARGET_powerpc__ => __ARCH_BIG_ENDIAN__,0,
__LDSO_STANDALONE_SUPPORT__ => __TARGET_ARCH__,0,
__ARCH_HAS_NO_LDSO__ => __DESIRED_TARGET_ARCH__,0,
__CONFIG_H8300H__ => __FORCE_OPTIONS_FOR_ARCH__,0,
__UCLIBC_DYNAMIC_ATEXIT__ => __FORCE_OPTIONS_FOR_ARCH__,0,
__CONFIG_H8300H__ => __ARCH_HAS_NO_SHARED__,0,
__UCLIBC_HAS_REENTRANT_RPC__ => __HAVE_DOT_CONFIG__,0,
__CONFIG_PENTIUMII__ => __ARCH_HAS_UCONTEXT__,0,
__UCLIBC_HAS_LIBUTIL__ => __HAVE_DOT_CONFIG__,0,
__CONFIG_CYRIXIII__ => __ARCH_LITTLE_ENDIAN__,0,
__RUNTIME_PREFIX__ => __DESIRED_TARGET_ARCH__,0,
__UCLIBC_NTP_LEGACY__ => __TARGET_ARCH__,0,
__TARGET_x86_64__ => __DESIRED_TARGET_ARCH__,0,
__UCLIBC_HAS_CTYPE_SIGNED__ => __FORCE_OPTIONS_FOR_ARCH__,0,
__PTHREADS_DEBUG_SUPPORT__ => __TARGET_ARCH__,0,
__TARGET_mips__ => __TARGET_ARCH__,0,
__LDSO_PRELOAD_ENV_SUPPORT__ => __DESIRED_TARGET_ARCH__,0,
__UNIX98PTY_ONLY__ => __HAVE_DOT_CONFIG__,0,
__CONFIG_SPARC_V9__ => __TARGET_sparc__,0,
__DODEBUG_PT__ => __TARGET_ARCH__,0,
__UCLIBC_HAS_FOPEN_LARGEFILE_MODE__ => __HAVE_DOT_CONFIG__,0,
__CONFIG_586__ => __ARCH_LITTLE_ENDIAN__,0,
__UCLIBC_HAS_SCANF_LENIENT_DIGIT_GROUPING__ => __UCLIBC_HAS_GLIBC_DIGIT_GROUPING__,0,
__UCLIBC_HAS_REENTRANT_RPC__ => __FORCE_OPTIONS_FOR_ARCH__,0,
__UCLIBC_HAS_FENV__ => __TARGET_ARCH__,0,
__CONFIG_NEHEMIAH__ => __ARCH_HAS_UCONTEXT__,0,
__ARCH_WANTS_BIG_ENDIAN__ => __DESIRED_TARGET_ARCH__,0,
__ARCH_BIG_ENDIAN__ => __FORCE_OPTIONS_FOR_ARCH__,0,
__DOASSERTS__ => __HAVE_DOT_CONFIG__,0,
__CONFIG_GENERIC_C6X__ => __ARCH_ANY_ENDIAN__,0,
__UCLIBC_HAS_SHADOW__ => __HAVE_DOT_CONFIG__,0,
__UCLIBC_HAS_IPV4__ => __UCLIBC_HAS_NETWORK_SUPPORT__,0,
__HAVE_SHARED__ => __FORCE_OPTIONS_FOR_ARCH__,0,
__UCLIBC_HAS_GNU_ERROR__ => __HAVE_DOT_CONFIG__,0,
__TARGET_c6x__ => __TARGET_ARCH__,0,
__LDSO_RUNPATH__ => __FORCE_OPTIONS_FOR_ARCH__,0,
__UCLIBC_HAS_SIGNUM_MESSAGES__ => __FORCE_OPTIONS_FOR_ARCH__,0,
__TARGET_v850__ => __ARCH_HAS_DEPRECATED_SYSCALLS__,0,
__PTHREADS_DEBUG_SUPPORT__ => __DESIRED_TARGET_ARCH__,0,
__ARCH_WANTS_LITTLE_ENDIAN__ => __ARCH_LITTLE_ENDIAN__,0,
__UCLIBC_FORMAT_FLAT_SEP_DATA__ => __DESIRED_TARGET_ARCH__,0,
__UCLIBC_HAS_FNMATCH_OLD__ => __DESIRED_TARGET_ARCH__,0,
__LDSO_CACHE_SUPPORT__ => __HAVE_DOT_CONFIG__,0,
__CONFIG_SH2__ => __ARCH_HAS_NO_LDSO__,0,
__UCLIBC_HAS_SYSLOG__ => __DESIRED_TARGET_ARCH__,0,
__TARGET_cris__ => __HAVE_DOT_CONFIG__,0,
__UCLIBC_HAS_SCANF_LENIENT_DIGIT_GROUPING__ => __HAVE_DOT_CONFIG__,0,
__DO_XSI_MATH__ => __UCLIBC_HAS_FLOATS__,0,
__CONFIG_TMS320C64XPLUS__ => __FORCE_OPTIONS_FOR_ARCH__,0,
__DOSTRIP__ => __HAVE_DOT_CONFIG__,0,
__UCLIBC_HAS_PROFILING__ => __FORCE_OPTIONS_FOR_ARCH__,0,
__CONFIG_586MMX__ => __DESIRED_TARGET_ARCH__,0,
__LINKRELAX__ => __TARGET_avr32__,0,
__UCLIBC_HAS_FOPEN_EXCLUSIVE_MODE__ => __DESIRED_TARGET_ARCH__,0,
__TARGET_SUBARCH__ => __DESIRED_TARGET_ARCH__,0,
__UCLIBC_HAS_STDIO_BUFSIZ_256__ => __FORCE_OPTIONS_FOR_ARCH__,0,
__UCLIBC_HAS_SHA512_CRYPT_IMPL__ => __DESIRED_TARGET_ARCH__,0,
__UCLIBC_FORMAT_FLAT_SEP_DATA__ => __UCLIBC_UCLINUX_BROKEN_MUNMAP__,0,
__CONFIG_SH5__ => __HAVE_DOT_CONFIG__,0,
__TARGET_cris__ => __DESIRED_TARGET_ARCH__,0,
__UCLIBC_HAS_STDIO_BUFSIZ_8192__ => __TARGET_ARCH__,0,
__CONFIG_H8300H__ => __ARCH_HAS_NO_MMU__,0,
__TARGET_h8300__ => __FORCE_OPTIONS_FOR_ARCH__,0,
__UCLIBC_HAS_LIBNSL_STUB__ => __UCLIBC_HAS_NETWORK_SUPPORT__,0,
__UCLIBC_FORMAT_FDPIC_ELF__ => __UCLIBC_UCLINUX_BROKEN_MUNMAP__,0,
__CONFIG_MIPS_ISA_1__ => __TARGET_ARCH__,0,
__TARGET_x86_64__ => __HAVE_DOT_CONFIG__,0,
__UCLIBC_HAS_LIBUTIL__ => __UCLIBC_HAS_PTY__,0,
__LDSO_NO_CLEANUP__ => __TARGET_ARCH__,0,
__TARGET_ia64__ => __ARCH_HAS_NO_LDSO__,0,
__ARCH_ANY_ENDIAN__ => __TARGET_ARCH__,0,
__CONFIG_SH2__ => __ARCH_HAS_NO_SHARED__,0,
__UCLIBC_HAS_FOPEN_EXCLUSIVE_MODE__ => __TARGET_ARCH__,0,
__UCLIBC_HAS_SYS_ERRLIST__ => __HAVE_DOT_CONFIG__,0,
__UCLIBC_TZ_FILE_PATH__ => __DESIRED_TARGET_ARCH__,0,
__UCLIBC_SUPPORT_AI_ADDRCONFIG__ => __UCLIBC_HAS_SOCKET__,0,
__TARGET_bfin__ => __ARCH_HAS_NO_MMU__,0,
__CONFIG_SH2__ => __HAVE_DOT_CONFIG__,0,
__CONFIG_SH3__ => __TARGET_sh__,0,
__TARGET_nios__ => __ARCH_HAS_NO_LDSO__,0,
__CONFIG_PENTIUM4__ => __ARCH_LITTLE_ENDIAN__,0,
__CONFIG_ELAN__ => __DESIRED_TARGET_ARCH__,0,
__UCLIBC_HAS_STDIO_BUFSIZ_512__ => __HAVE_DOT_CONFIG__,0,
__COMPILE_IN_THUMB_MODE__ => __ARCH_HAS_DEPRECATED_SYSCALLS__,0,
__ARCH_ANY_ENDIAN__ => __DESIRED_TARGET_ARCH__,0,
__CONFIG_META_1_2__ => __TARGET_ARCH__,0,
__CONFIG_486__ => __ARCH_HAS_DEPRECATED_SYSCALLS__,0,
__CONFIG_META_1_2__ => __HAVE_DOT_CONFIG__,0,
__MULTILIB_DIR__ => __HAVE_DOT_CONFIG__,0,
__TARGET_microblaze__ => __ARCH_HAS_DEPRECATED_SYSCALLS__,0,
__UCLIBC_FORMAT_DSBT_ELF__ => __ARCH_ANY_ENDIAN__,0,
__CONFIG_SH4__ => __ARCH_HAS_BWD_MEMCPY__,0,
__HAVE_NO_SSP__ => __HAVE_DOT_CONFIG__,0,
__UCLIBC_HAS_PRINTF_M_SPEC__ => __FORCE_OPTIONS_FOR_ARCH__,0,
__ARCH_WANTS_BIG_ENDIAN__ => __TARGET_ARCH__,0,
__LINUXTHREADS_NEW__ => __FORCE_OPTIONS_FOR_ARCH__,0,
__CONFIG_686__ => __DESIRED_TARGET_ARCH__,0,
__UCLIBC_HAS_THREADS__ => __DESIRED_TARGET_ARCH__,0,
__UCLIBC_HAS_WORDEXP__ => __UCLIBC_HAS_FNMATCH__,0,
__UCLIBC_TZ_FILE_PATH__ => __TARGET_ARCH__,0,
__UCLIBC_HAS_WORDEXP__ => __HAVE_DOT_CONFIG__,0,
__CONFIG_TMS320C64X__ => __HAVE_DOT_CONFIG__,0,
__UCLIBC_HAS_STDIO_AUTO_RW_TRANSITION__ => __FORCE_OPTIONS_FOR_ARCH__,0,
__UCLIBC_HAS_XLOCALE__ => __HAVE_DOT_CONFIG__,0,
__CONFIG_SPARC_V9B__ => __TARGET_ARCH__,0,
__UCLIBC_HAS_LIBNSL_STUB__ => __FORCE_OPTIONS_FOR_ARCH__,0,
__PROPOLICE_BLOCK_SEGV__ => __UCLIBC_HAS_SSP__,0,
__LINUXTHREADS_NEW__ => __UCLIBC_HAS_THREADS__,1,
__CONFIG_WINCHIPC6__ => __DESIRED_TARGET_ARCH__,0,
__UCLIBC_HAS_SHA256_CRYPT_IMPL__ => __UCLIBC_HAS_CRYPT_IMPL__,0,
__MALLOC__ => __FORCE_OPTIONS_FOR_ARCH__,0,
__CONFIG_MIPS_ISA_1__ => __ARCH_HAS_UCONTEXT__,0,
__ARCH_BIG_ENDIAN__ => __DESIRED_TARGET_ARCH__,0,
__UCLIBC_HAS_CRYPT__ => __DESIRED_TARGET_ARCH__,0,
__UCLIBC_HAS_BACKTRACE__ => __TARGET_ARCH__,0,
__CONFIG_CRIS__ => __ARCH_HAS_DEPRECATED_SYSCALLS__,0,
__UCLIBC_HAS_GLOB__ => __UCLIBC_HAS_FNMATCH__,0,
__UCLIBC_STRICT_HEADERS__ => __HAVE_DOT_CONFIG__,0,
__CONFIG_K6__ => __TARGET_i386__,0,
__WARNINGS__ => __FORCE_OPTIONS_FOR_ARCH__,0,
__LDSO_RUNPATH__ => __HAVE_SHARED__,0,
__UCLIBC_TZ_FILE_PATH__ => __HAVE_DOT_CONFIG__,0,
__UCLIBC_HAS_COMPAT_RES_STATE__ => __DESIRED_TARGET_ARCH__,0,
__UCLIBC_HAS_WCHAR__ => __TARGET_ARCH__,0,
__UCLIBC_FORMAT_FLAT_SEP_DATA__ => __ARCH_HAS_NO_SHARED__,0,
__LDSO_PRELOAD_ENV_SUPPORT__ => __HAVE_SHARED__,0,
__LDSO_SAFE_RUNPATH__ => __HAVE_DOT_CONFIG__,0,
__LDSO_NO_CLEANUP__ => __HAVE_DOT_CONFIG__,0,
__TARGET_e1__ => __ARCH_BIG_ENDIAN__,0,
__CONFIG_H8300H__ => __DESIRED_TARGET_ARCH__,0,
__CONFIG_SPARC_V8__ => __ARCH_HAS_DEPRECATED_SYSCALLS__,0,
__UCLIBC_HAS_RESOLVER_SUPPORT__ => __TARGET_ARCH__,0,
__UCLIBC_LINUX_MODULE_24__ => __HAVE_DOT_CONFIG__,0,
__UCLIBC_HAS_THREADS__ => __HAVE_DOT_CONFIG__,0,
__UCLIBC_HAS_GNU_GETSUBOPT__ => __HAVE_DOT_CONFIG__,0,
__CONFIG_MIPS_ISA_1__ => __ARCH_ANY_ENDIAN__,0,
__FORCE_OPTIONS_FOR_ARCH__ => __TARGET_ARCH__,0,
__UCLIBC_BUILD_NOW__ => __DESIRED_TARGET_ARCH__,0,
__TARGET_sh__ => __DESIRED_TARGET_ARCH__,0,
__UCLIBC_HAS_SHA256_CRYPT_IMPL__ => __FORCE_OPTIONS_FOR_ARCH__,0,
__UCLIBC_HAS_SYS_SIGLIST__ => __FORCE_OPTIONS_FOR_ARCH__,0,
__UCLIBC_HAS_WCHAR__ => __HAVE_DOT_CONFIG__,0,
__UCLIBC_HAS_FTW__ => __UCLIBC_SUSV4_LEGACY__,0,
__TARGET_avr32__ => __FORCE_OPTIONS_FOR_ARCH__,0,
__UCLIBC_HAS_STDIO_PUTC_MACRO__ => __FORCE_OPTIONS_FOR_ARCH__,0,
__CONFIG_MIPS_ISA_MIPS64__ => __HAVE_DOT_CONFIG__,0,
__UCLIBC_BUILD_ALL_LOCALE__ => __HAVE_DOT_CONFIG__,0,
__CONFIG_MIPS_ISA_MIPS32R2__ => __ARCH_HAS_UCONTEXT__,0,
__TARGET_bfin__ => __UCLIBC_UCLINUX_BROKEN_MUNMAP__,0,
__UCLIBC_HAS_BSD_ERR__ => __DESIRED_TARGET_ARCH__,0,
__TARGET_sh64__ => __ARCH_ANY_ENDIAN__,0,
__TARGET_ARCH__ => __HAVE_DOT_CONFIG__,0,
__CONFIG_CRISV32__ => __FORCE_OPTIONS_FOR_ARCH__,0,
__CONFIG_H8300H__ => __ARCH_HAS_DEPRECATED_SYSCALLS__,0,
__UCLIBC_HAS_GLIBC_CUSTOM_PRINTF__ => __TARGET_ARCH__,0,
__UCLIBC_HAS_REGEX__ => __FORCE_OPTIONS_FOR_ARCH__,0,
__CONFIG_TMS320C64X__ => __DESIRED_TARGET_ARCH__,0,
__CROSS_COMPILER_PREFIX__ => __FORCE_OPTIONS_FOR_ARCH__,0,
__UCLIBC_HAS_CTYPE_ENFORCED__ => __FORCE_OPTIONS_FOR_ARCH__,0,
__DO_C99_MATH__ => __DESIRED_TARGET_ARCH__,0,
__TARGET_nios2__ => __ARCH_HAS_NO_MMU__,0,
__UCLIBC_HAS_STDIO_BUFSIZ_8192__ => __HAVE_DOT_CONFIG__,0,
__LINKRELAX__ => __TARGET_ARCH__,0,
__CONFIG_ARM_EABI__ => __HAVE_DOT_CONFIG__,0,
__UCLIBC_FORMAT_DSBT_ELF__ => __ARCH_HAS_NO_MMU__,0,
__UCLIBC_HAS_FOPEN_LARGEFILE_MODE__ => __TARGET_ARCH__,0,
__TARGET_nios__ => __ARCH_LITTLE_ENDIAN__,0,
__LDSO_SAFE_RUNPATH__ => __LDSO_RUNPATH__,0,
__CONFIG_GENERIC_C6X__ => __TARGET_ARCH__,0,
__UCLIBC_HAS_COMPAT_RES_STATE__ => __FORCE_OPTIONS_FOR_ARCH__,0,
__HAVE_SHARED__ => __TARGET_ARCH__,0,
__TARGET_x86_64__ => __ARCH_LITTLE_ENDIAN__,0,
__UCLIBC_HAS_FENV__ => __UCLIBC_HAS_FLOATS__,0,
__UCLIBC_HAS_OBSOLETE_BSD_SIGNAL__ => __FORCE_OPTIONS_FOR_ARCH__,0,
__CONFIG_MIPS_ISA_MIPS64__ => __FORCE_OPTIONS_FOR_ARCH__,0,
__TARGET_bfin__ => __ARCH_LITTLE_ENDIAN__,0,
__ARCH_WANTS_BIG_ENDIAN__ => __HAVE_DOT_CONFIG__,0,
__LDSO_CACHE_SUPPORT__ => __TARGET_ARCH__,0,
__UCLIBC_HAS_GETTEXT_AWARENESS__ => __FORCE_OPTIONS_FOR_ARCH__,0,
__ARCH_HAS_MMU__ => __DESIRED_TARGET_ARCH__,0,
__UCLIBC_HAS_NFTW__ => __FORCE_OPTIONS_FOR_ARCH__,0,
__UCLIBC_HAS_TZ_FILE_READ_MANY__ => __TARGET_ARCH__,0,
__HAVE_NO_SSP__ => __DESIRED_TARGET_ARCH__,0,
__CONFIG_CLASSIC__ => __ARCH_BIG_ENDIAN__,0,
__UCLIBC_HAS_OBSOLETE_BSD_SIGNAL__ => __TARGET_ARCH__,0,
__CONFIG_K6__ => __HAVE_DOT_CONFIG__,0,
__UCLIBC_HAS_TZ_FILE_READ_MANY__ => __DESIRED_TARGET_ARCH__,0,
__CONFIG_MIPS_ISA_4__ => __ARCH_ANY_ENDIAN__,0,
__CONFIG_SH4__ => __ARCH_ANY_ENDIAN__,0,
__CONFIG_MIPS_ISA_MIPS32R2__ => __ARCH_ANY_ENDIAN__,0,
__PROPOLICE_BLOCK_ABRT__ => __FORCE_OPTIONS_FOR_ARCH__,0,
__ARCH_HAS_BWD_MEMCPY__ => __TARGET_sh__,0,
__TARGET_hppa__ => __TARGET_ARCH__,0,
__UCLIBC_HAS_SYS_ERRLIST__ => __TARGET_ARCH__,0,
__CONFIG_H8300H__ => __TARGET_ARCH__,0,
__TARGET_m68k__ => __DESIRED_TARGET_ARCH__,0,
__CONFIG_H8S__ => __ARCH_HAS_DEPRECATED_SYSCALLS__,0,
__UCLIBC_HAS_EPOLL__ => __DESIRED_TARGET_ARCH__,0,
__TARGET_h8300__ => __ARCH_ANY_ENDIAN__,0,
__UCLIBC_HAS_LONG_DOUBLE_MATH__ => __DESIRED_TARGET_ARCH__,0,
__UCLIBC_HAS_LIBRESOLV_STUB__ => __UCLIBC_HAS_NETWORK_SUPPORT__,0,
__TARGET_frv__ => __UCLIBC_UCLINUX_BROKEN_MUNMAP__,0,
__HAVE_NO_SSP__ => __ARCH_HAS_NO_LDSO__,0,
__LDSO_SEARCH_INTERP_PATH__ => __TARGET_ARCH__,0,
__UCLIBC_BUILD_PIE__ => __TARGET_ARCH__,0,
__COMPILE_IN_THUMB_MODE__ => __HAVE_DOT_CONFIG__,0,
__UCLIBC_BUILD_NOEXECSTACK__ => __FORCE_OPTIONS_FOR_ARCH__,0,
__LDSO_PRELINK_SUPPORT__ => __FORCE_OPTIONS_FOR_ARCH__,0,
__UCLIBC_HAS_FOPEN_CLOSEEXEC_MODE__ => __TARGET_ARCH__,0,
__UCLIBC_HAS_SCANF_LENIENT_DIGIT_GROUPING__ => __DESIRED_TARGET_ARCH__,0,
__UCLIBC_UCLINUX_BROKEN_MUNMAP__ => __DESIRED_TARGET_ARCH__,0,
__UCLIBC_EXTRA_CFLAGS__ => __TARGET_ARCH__,0,
__LDSO_PRELINK_SUPPORT__ => __HAVE_SHARED__,0,
__UCLIBC_HAS_REGEX_OLD__ => __DESIRED_TARGET_ARCH__,0,
__UCLIBC_MJN3_ONLY__ => __TARGET_ARCH__,0,
__LDSO_STANDALONE_SUPPORT__ => __DESIRED_TARGET_ARCH__,0,
__ARCH_LITTLE_ENDIAN__ => __DESIRED_TARGET_ARCH__,0,
__UCLIBC_HAS_CONTEXT_FUNCS__ => __ARCH_HAS_UCONTEXT__,0,
__UCLIBC_FORMAT_FLAT_SEP_DATA__ => __HAVE_DOT_CONFIG__,0,
__CONFIG_META_1_2__ => __ARCH_LITTLE_ENDIAN__,0,
__CONFIG_TMS320C64X__ => __TARGET_c6x__,0,
__CONFIG_SPARC_V7__ => __TARGET_ARCH__,0,
__UCLIBC_HAS_EXTRA_COMPAT_RES_STATE__ => __DESIRED_TARGET_ARCH__,0,
__CONFIG_CRUSOE__ => __HAVE_DOT_CONFIG__,0,
__TARGET_powerpc__ => __TARGET_SUBARCH__,0,
__LDSO_STANDALONE_SUPPORT__ => __HAVE_DOT_CONFIG__,0,
__USE_OLD_VFPRINTF__ => __FORCE_OPTIONS_FOR_ARCH__,0,
__HAVE_DOT_CONFIG__ => __FORCE_OPTIONS_FOR_ARCH__,0,
__TARGET_sh64__ => __FORCE_OPTIONS_FOR_ARCH__,0,
__HAVE_NO_SSP__ => __TARGET_ARCH__,0,
__CONFIG_MIPS_ISA_MIPS64__ => __TARGET_ARCH__,0,
__UCLIBC_HAS_LFS__ => __FORCE_OPTIONS_FOR_ARCH__,0,
__RUNTIME_PREFIX__ => __TARGET_ARCH__,0,
__UCLIBC_SV4_DEPRECATED__ => __DESIRED_TARGET_ARCH__,0,
__UCLIBC_BSD_SPECIFIC__ => __HAVE_DOT_CONFIG__,0,
__UCLIBC_HAS_LONG_DOUBLE_MATH__ => __UCLIBC_HAS_FLOATS__,0,
__UCLIBC_FORMAT_FDPIC_ELF__ => __TARGET_ARCH__,0,
__UCLIBC_HAS_REGEX__ => __HAVE_DOT_CONFIG__,0,
__CONFIG_SH2A__ => __TARGET_ARCH__,0,
__CONFIG_SH3__ => __HAVE_DOT_CONFIG__,0,
__ASSUME_DEVPTS__ => __HAVE_DOT_CONFIG__,0,
__UCLIBC_UCLINUX_BROKEN_MUNMAP__ => __TARGET_ARCH__,0,
__UCLIBC_HAS_STUBS__ => __TARGET_ARCH__,0,
__UCLIBC_HAS_STDIO_FUTEXES__ => __TARGET_ARCH__,0,
__UCLIBC_PRINTF_SCANF_POSITIONAL_ARGS__ => __HAVE_DOT_CONFIG__,0,
__CONFIG_MIPS_ISA_2__ => __TARGET_ARCH__,0,
__UCLIBC_HAS_HEXADECIMAL_FLOATS__ => __UCLIBC_HAS_CTYPE_TABLES__,0,
__UCLIBC_BUILD_ALL_LOCALE__ => __TARGET_ARCH__,0,
__LDSO_CACHE_SUPPORT__ => __FORCE_OPTIONS_FOR_ARCH__,0,
__PROPOLICE_BLOCK_ABRT__ => __DESIRED_TARGET_ARCH__,0,
__CONFIG_686__ => __ARCH_HAS_UCONTEXT__,0,
__CONFIG_SH2__ => __TARGET_sh__,0,
__DOSTRIP__ => __TARGET_ARCH__,0,
__LDSO_RUNPATH__ => __HAVE_DOT_CONFIG__,0,
__UCLIBC_CTOR_DTOR__ => __DESIRED_TARGET_ARCH__,0,
__PTHREADS_DEBUG_SUPPORT__ => __FORCE_OPTIONS_FOR_ARCH__,0,
__SSP_QUICK_CANARY__ => __HAVE_DOT_CONFIG__,0,
__CONFIG_ARM_EABI__ => __ARCH_HAS_DEPRECATED_SYSCALLS__,0,
__UCLIBC_HAS_BSD_RES_CLOSE__ => __HAVE_DOT_CONFIG__,0,
__UCLIBC_STATIC_LDCONFIG__ => __TARGET_ARCH__,0,
__ARCH_HAS_NO_MMU__ => __TARGET_ARCH__,0,
__UCLIBC_HAS_STDIO_BUFSIZ_2048__ => __HAVE_DOT_CONFIG__,0,
__UCLIBC_HAS_GNU_GETOPT__ => __HAVE_DOT_CONFIG__,0,
__TARGET_nios__ => __ARCH_HAS_DEPRECATED_SYSCALLS__,0,
__MULTILIB_DIR__ => __FORCE_OPTIONS_FOR_ARCH__,0,
__CONFIG_GENERIC_C6X__ => __TARGET_c6x__,0,
__HAVE_NO_SSP__ => __ARCH_HAS_NO_SHARED__,0,
__UCLIBC_HAS_STDIO_BUFSIZ_2048__ => __FORCE_OPTIONS_FOR_ARCH__,0,
__CONFIG_MIPS_ISA_MIPS64__ => __ARCH_HAS_DEPRECATED_SYSCALLS__,0,
__UCLIBC_HAS_LONG_DOUBLE_MATH__ => __DO_C99_MATH__,0,
__UCLIBC_HAS_CTYPE_CHECKED__ => __TARGET_ARCH__,0,
__FORCE_SHAREABLE_TEXT_SEGMENTS__ => __HAVE_DOT_CONFIG__,0,
__DO_XSI_MATH__ => __FORCE_OPTIONS_FOR_ARCH__,0,
__CONFIG_CLASSIC__ => __TARGET_powerpc__,0,
__TARGET_nios__ => __HAVE_DOT_CONFIG__,0,
__CONFIG_CRISV32__ => __DESIRED_TARGET_ARCH__,0,
__UCLIBC_HAS_PROGRAM_INVOCATION_NAME__ => __HAVE_DOT_CONFIG__,0,
__CONFIG_MIPS_O32_ABI__ => __TARGET_mips__,0,
__ARCH_HAS_BWD_MEMCPY__ => __ARCH_HAS_DEPRECATED_SYSCALLS__,0,
__UCLIBC_FALLBACK_TO_ETC_LOCALTIME__ => __DESIRED_TARGET_ARCH__,0,
__UCLIBC_HAS_REGEX__ => __TARGET_ARCH__,0,
__UCLIBC_HAS_SYS_ERRLIST__ => __FORCE_OPTIONS_FOR_ARCH__,0,
__UCLIBC_FORMAT_FLAT__ => __DESIRED_TARGET_ARCH__,0,
__CONFIG_E500__ => __ARCH_HAS_DEPRECATED_SYSCALLS__,0,
__ARC4RANDOM_USES_NODEV__ => __DESIRED_TARGET_ARCH__,0,
__UCLIBC_HAS_GLIBC_CUSTOM_STREAMS__ => __TARGET_ARCH__,0,
__CONFIG_NEHEMIAH__ => __ARCH_HAS_DEPRECATED_SYSCALLS__,0,
__UCLIBC_LINUX_MODULE_24__ => __DESIRED_TARGET_ARCH__,0,
__CONFIG_GENERIC_386__ => __ARCH_HAS_UCONTEXT__,0,
__TARGET_v850__ => __UCLIBC_UCLINUX_BROKEN_MUNMAP__,0,
__UCLIBC_HAS_TZ_CACHING__ => __DESIRED_TARGET_ARCH__,0,
__SUPPORT_LD_DEBUG_EARLY__ => __HAVE_SHARED__,0,
__ARCH_USE_MMU__ => __ARCH_HAS_MMU__,0,
__TARGET_hppa__ => __FORCE_OPTIONS_FOR_ARCH__,0,
__UCLIBC_FALLBACK_TO_ETC_LOCALTIME__ => __HAVE_DOT_CONFIG__,0,
__TARGET_cris__ => __ARCH_HAS_DEPRECATED_SYSCALLS__,0,
__CONFIG_MIPS_O32_ABI__ => __DESIRED_TARGET_ARCH__,0,
__CONFIG_MIPS_ISA_MIPS32__ => __ARCH_ANY_ENDIAN__,0,
__LDSO_STANDALONE_SUPPORT__ => __HAVE_SHARED__,0,
__UCLIBC_STATIC_LDCONFIG__ => __DESIRED_TARGET_ARCH__,0,
__CONFIG_H8S__ => __ARCH_HAS_NO_MMU__,0,
__UCLIBC_BUILD_SSP__ => __DESIRED_TARGET_ARCH__,0,
__CONFIG_GENERIC_386__ => __TARGET_ARCH__,0,
__LDSO_PRELOAD_FILE_SUPPORT__ => __FORCE_OPTIONS_FOR_ARCH__,0,
__LDSO_GNU_HASH_SUPPORT__ => __HAVE_SHARED__,0,
__TARGET_SUBARCH__ => __FORCE_OPTIONS_FOR_ARCH__,0,
__UCLIBC_HAS_CONTEXT_FUNCS__ => __FORCE_OPTIONS_FOR_ARCH__,0,
__LDSO_SEARCH_INTERP_PATH__ => __HAVE_SHARED__,0,
__UCLIBC_LINUX_SPECIFIC__ => __FORCE_OPTIONS_FOR_ARCH__,0,
__UCLIBC_HAS_IPV4__ => __FORCE_OPTIONS_FOR_ARCH__,0,
__ARCH_HAS_NO_SHARED__ => __DESIRED_TARGET_ARCH__,0,
__CONFIG_PENTIUMII__ => __ARCH_LITTLE_ENDIAN__,0,
__TARGET_vax__ => __ARCH_LITTLE_ENDIAN__,0,
__ARC4RANDOM_USES_NODEV__ => __FORCE_OPTIONS_FOR_ARCH__,0,
__UCLIBC_LINUX_SPECIFIC__ => __TARGET_ARCH__,0,
__UCLIBC_HAS_GNU_GETSUBOPT__ => __FORCE_OPTIONS_FOR_ARCH__,0,
__CONFIG_SH5__ => __DESIRED_TARGET_ARCH__,0,
__UCLIBC_HAS_CONTEXT_FUNCS__ => __DESIRED_TARGET_ARCH__,0,
__ARCH_WANTS_LITTLE_ENDIAN__ => __TARGET_ARCH__,0,
__ASSUME_DEVPTS__ => __FORCE_OPTIONS_FOR_ARCH__,0,
__UCLIBC_HAS_NETWORK_SUPPORT__ => __FORCE_OPTIONS_FOR_ARCH__,0,
__UCLIBC_HAS_ARC4RANDOM__ => __DESIRED_TARGET_ARCH__,0,
__UCLIBC_HAS_SCANF_LENIENT_DIGIT_GROUPING__ => __UCLIBC_HAS_LOCALE__,0,
__UCLIBC_HAS_STDIO_BUILTIN_BUFFER_NONE__ => __HAVE_DOT_CONFIG__,0,
__UCLIBC_HAS_CONTEXT_FUNCS__ => __UCLIBC_SUSV3_LEGACY__,0,
__UCLIBC_BUILD_NOW__ => __FORCE_OPTIONS_FOR_ARCH__,0,
__TARGET_microblaze__ => __DESIRED_TARGET_ARCH__,0,
__UCLIBC_HAS___PROGNAME__ => __FORCE_OPTIONS_FOR_ARCH__,0,
__CONFIG_WINCHIP2__ => __TARGET_i386__,0,
__ARCH_HAS_NO_SHARED__ => __FORCE_OPTIONS_FOR_ARCH__,0,
__UCLIBC_HAS_STDIO_GETC_MACRO__ => __DESIRED_TARGET_ARCH__,0,
__UCLIBC_HAS_CTYPE_ENFORCED__ => __TARGET_ARCH__,0,
__TARGET_nios2__ => __ARCH_HAS_DEPRECATED_SYSCALLS__,0,
__ARCH_USE_MMU__ => __HAVE_DOT_CONFIG__,0,
__LDSO_SAFE_RUNPATH__ => __HAVE_SHARED__,0,
__UCLIBC_HAS_REENTRANT_RPC__ => __DESIRED_TARGET_ARCH__,0,
__UCLIBC_SUSV3_LEGACY__ => __FORCE_OPTIONS_FOR_ARCH__,0,
__UCLIBC_HAS_PRINTF_M_SPEC__ => __TARGET_ARCH__,0,
__UCLIBC_HAS_TZ_FILE__ => __TARGET_ARCH__,0,
__LDSO_LD_LIBRARY_PATH__ => __DESIRED_TARGET_ARCH__,0,
__UCLIBC_HAS_CRYPT_IMPL__ => __TARGET_ARCH__,0,
__UCLIBC_HAS_FNMATCH__ => __DESIRED_TARGET_ARCH__,0,
__TARGET_vax__ => __HAVE_DOT_CONFIG__,0,
__TARGET_e1__ => __DESIRED_TARGET_ARCH__,0,
__ARCH_WANTS_LITTLE_ENDIAN__ => __FORCE_OPTIONS_FOR_ARCH__,0,
__CONFIG_486__ => __TARGET_ARCH__,0,
__UCLIBC_HAS_GNU_GLOB__ => __DESIRED_TARGET_ARCH__,0,
__CONFIG_H8S__ => __DESIRED_TARGET_ARCH__,0,
__TARGET_x86_64__ => __ARCH_HAS_UCONTEXT__,0,
__UCLIBC_BUILD_RELRO__ => __TARGET_ARCH__,0,
__TARGET_bfin__ => __FORCE_OPTIONS_FOR_ARCH__,0,
__UCLIBC_HAS_CTYPE_UNSAFE__ => __TARGET_ARCH__,0,
__RUNTIME_PREFIX__ => __HAVE_DOT_CONFIG__,0,
__TARGET_nios2__ => __ARCH_LITTLE_ENDIAN__,0,
__UCLIBC_HAS_XATTR__ => __HAVE_DOT_CONFIG__,0,
__HARDWIRED_ABSPATH__ => __TARGET_ARCH__,0,
__UCLIBC_SUSV4_LEGACY__ => __DESIRED_TARGET_ARCH__,0,
__UCLIBC_HAS_RPC__ => __HAVE_DOT_CONFIG__,0,
__PROPOLICE_BLOCK_ABRT__ => __UCLIBC_HAS_SSP__,0,
__UCLIBC_HAS_STDIO_BUFSIZ_1024__ => __TARGET_ARCH__,0,
__HAVE_NO_PIC__ => __ARCH_HAS_NO_SHARED__,0,
__TARGET_h8300__ => __TARGET_ARCH__,0,
__CONFIG_SPARC_V7__ => __ARCH_HAS_DEPRECATED_SYSCALLS__,0,
__CONFIG_586__ => __DESIRED_TARGET_ARCH__,0,
__UCLIBC_HAS_CRYPT_STUB__ => __UCLIBC_HAS_CRYPT__,0,
__UCLIBC_BUILD_NOW__ => __TARGET_ARCH__,0,
__UCLIBC_SUSV4_LEGACY__ => __FORCE_OPTIONS_FOR_ARCH__,0,
__UCLIBC_CTOR_DTOR__ => __HAVE_DOT_CONFIG__,0,
__CONFIG_CYRIXIII__ => __HAVE_DOT_CONFIG__,0,
__UCLIBC_HAS_GNU_ERROR__ => __TARGET_ARCH__,0,
__UCLIBC_HAS_TZ_FILE_READ_MANY__ => __UCLIBC_HAS_TZ_FILE__,0,
__CONFIG_386__ => __DESIRED_TARGET_ARCH__,0,
__UCLIBC_HAS_CTYPE_CHECKED__ => __HAVE_DOT_CONFIG__,0,
__UCLIBC_HAS_BACKTRACE__ => __HAVE_SHARED__,0,
__CONFIG_K6__ => __ARCH_HAS_UCONTEXT__,0,
__UCLIBC_HAS_XLOCALE__ => __FORCE_OPTIONS_FOR_ARCH__,0,
__UCLIBC_HAS_REGEX_OLD__ => __HAVE_DOT_CONFIG__,0,
__UCLIBC_HAS_OBSOLETE_SYSV_SIGNAL__ => __FORCE_OPTIONS_FOR_ARCH__,0,
__CONFIG_SPARC_V9B__ => __ARCH_BIG_ENDIAN__,0,
__UCLIBC_HAS_FENV__ => __HAVE_DOT_CONFIG__,0,
__UCLIBC_HAS_FNMATCH__ => __FORCE_OPTIONS_FOR_ARCH__,0,
__TARGET_v850__ => __HAVE_NO_PIC__,0,
__COMPILE_IN_THUMB_MODE__ => __ARCH_ANY_ENDIAN__,0,
__CONFIG_686__ => __TARGET_i386__,0,
__CONFIG_MIPS_ISA_MIPS32__ => __DESIRED_TARGET_ARCH__,0,
__UCLIBC_HAS_CRYPT__ => __FORCE_OPTIONS_FOR_ARCH__,0,
__CONFIG_PENTIUMIII__ => __ARCH_LITTLE_ENDIAN__,0,
__TARGET_ARCH__ => __FORCE_OPTIONS_FOR_ARCH__,0,
__CONFIG_ELAN__ => __TARGET_ARCH__,0,
__UCLIBC_HAS_BACKTRACE__ => __DESIRED_TARGET_ARCH__,0,
__TARGET_nios__ => __TARGET_ARCH__,0,
__UCLIBC_MJN3_ONLY__ => __HAVE_DOT_CONFIG__,0,
__UCLIBC_HAS_FULL_RPC__ => __HAVE_DOT_CONFIG__,0,
__TARGET_nios__ => __DESIRED_TARGET_ARCH__,0,
__UCLIBC_HAS_STDIO_BUFSIZ_8192__ => __FORCE_OPTIONS_FOR_ARCH__,0,
__UCLIBC_HAS_SCANF_LENIENT_DIGIT_GROUPING__ => __UCLIBC_HAS_FLOATS__,0,
__UCLIBC_UCLINUX_BROKEN_MUNMAP__ => __FORCE_OPTIONS_FOR_ARCH__,0,
__CONFIG_SH2A__ => __ARCH_HAS_NO_LDSO__,0,
__UCLIBC_HAS_EXTRA_COMPAT_RES_STATE__ => __FORCE_OPTIONS_FOR_ARCH__,0,
__CONFIG_MIPS_ISA_1__ => __HAVE_DOT_CONFIG__,0,
__UCLIBC_FORMAT_FDPIC_ELF__ => __ARCH_HAS_NO_MMU__,0,
__ARCH_WANTS_LITTLE_ENDIAN__ => __ARCH_ANY_ENDIAN__,0,
__UCLIBC_FALLBACK_TO_ETC_LOCALTIME__ => __FORCE_OPTIONS_FOR_ARCH__,0,
__UCLIBC_HAS_NFTW__ => __HAVE_DOT_CONFIG__,0,
__UCLIBC_DOWNLOAD_PREGENERATED_LOCALE_DATA__ => __UCLIBC_PREGENERATED_LOCALE_DATA__,0,
__UCLIBC_HAS___PROGNAME__ => __DESIRED_TARGET_ARCH__,0,
__UCLIBC_FALLBACK_TO_ETC_LOCALTIME__ => __TARGET_ARCH__,0,
__TARGET_c6x__ => __ARCH_HAS_NO_MMU__,0,
__LINKRELAX__ => __CONFIG_AVR32_AP7__,0,
__LINKRELAX__ => __ARCH_HAS_DEPRECATED_SYSCALLS__,0,
__CONFIG_H8300H__ => __HAVE_DOT_CONFIG__,0,
__CONFIG_WINCHIP2__ => __FORCE_OPTIONS_FOR_ARCH__,0,
__TARGET_m68k__ => __ARCH_HAS_DEPRECATED_SYSCALLS__,0,
__UCLIBC_HAS_FULL_RPC__ => __FORCE_OPTIONS_FOR_ARCH__,0,
__UCLIBC_HAS_STDIO_BUILTIN_BUFFER_NONE__ => __TARGET_ARCH__,0,
__LDSO_GNU_HASH_SUPPORT__ => __FORCE_OPTIONS_FOR_ARCH__,0,
__UCLIBC_SUSV4_LEGACY__ => __TARGET_ARCH__,0,
__UCLIBC_HAS_SSP_COMPAT__ => __HAVE_DOT_CONFIG__,0,
__UCLIBC_HAS_CTYPE_UNSAFE__ => __DESIRED_TARGET_ARCH__,0,
__USE_BX__ => __DESIRED_TARGET_ARCH__,0,
__TARGET_avr32__ => __HAVE_DOT_CONFIG__,0,
__MALLOC_GLIBC_COMPAT__ => __HAVE_DOT_CONFIG__,0,
__CONFIG_K6__ => __FORCE_OPTIONS_FOR_ARCH__,0,
__LDSO_BASE_FILENAME__ => __HAVE_SHARED__,0,
__UCLIBC_HAS_STDIO_BUFSIZ_1024__ => __FORCE_OPTIONS_FOR_ARCH__,0,
__CONFIG_MIPS_ISA_MIPS32__ => __HAVE_DOT_CONFIG__,0,
__UCLIBC_BUILD_RELRO__ => __HAVE_DOT_CONFIG__,0,
__CONFIG_GENERIC_386__ => __HAVE_DOT_CONFIG__,0,
__CONFIG_WINCHIP2__ => __HAVE_DOT_CONFIG__,0,
__UCLIBC_HAS_LOCALE__ => __DESIRED_TARGET_ARCH__,0,
__CONFIG_CRISV32__ => __TARGET_ARCH__,0,
__TARGET_i960__ => __ARCH_LITTLE_ENDIAN__,0,
__DOMULTI__ => __DESIRED_TARGET_ARCH__,0,
__UCLIBC_LINUX_SPECIFIC__ => __DESIRED_TARGET_ARCH__,0,
__PROPOLICE_BLOCK_SEGV__ => __TARGET_ARCH__,0,
__UCLIBC_HAS_CTYPE_SIGNED__ => __DESIRED_TARGET_ARCH__,0,
__TARGET_SUBARCH__ => __TARGET_ARCH__,0,
__LDSO_LDD_SUPPORT__ => __TARGET_ARCH__,0,
__DO_XSI_MATH__ => __DESIRED_TARGET_ARCH__,0,
__UCLIBC_HAS_NFTW__ => __TARGET_ARCH__,0,
__UCLIBC_HAS_SOCKET__ => __HAVE_DOT_CONFIG__,0,
__UCLIBC_FORMAT_DSBT_ELF__ => __HAVE_DOT_CONFIG__,0,
__CONFIG_K7__ => __DESIRED_TARGET_ARCH__,0,
__UCLIBC_HAS_GNU_GLOB__ => __FORCE_OPTIONS_FOR_ARCH__,0,
__CONFIG_H8S__ => __UCLIBC_UCLINUX_BROKEN_MUNMAP__,0,
__UCLIBC_HAS_STDIO_BUILTIN_BUFFER_NONE__ => __DESIRED_TARGET_ARCH__,0,
__TARGET_i386__ => __TARGET_ARCH__,0,
__UCLIBC_DOWNLOAD_PREGENERATED_LOCALE_DATA__ => __DESIRED_TARGET_ARCH__,0,
__CONFIG_META_2_1__ => __DESIRED_TARGET_ARCH__,0,
__UCLIBC_HAS_OBSOLETE_SYSV_SIGNAL__ => __DESIRED_TARGET_ARCH__,0,
__UCLIBC_HAS_FLOATS__ => __TARGET_ARCH__,0,
__PROPOLICE_BLOCK_ABRT__ => __TARGET_ARCH__,0,
__UCLIBC_BUILD_ALL_LOCALE__ => __DESIRED_TARGET_ARCH__,0,
__UCLIBC_BUILD_SSP__ => __TARGET_ARCH__,0,
__UCLIBC_HAS_TZ_FILE_READ_MANY__ => __FORCE_OPTIONS_FOR_ARCH__,0,
__CONFIG_PENTIUMII__ => __ARCH_HAS_DEPRECATED_SYSCALLS__,0,
__TARGET_arm__ => __ARCH_HAS_DEPRECATED_SYSCALLS__,0,
__TARGET_i386__ => __ARCH_HAS_DEPRECATED_SYSCALLS__,0,
__UCLIBC_HAS_CRYPT_IMPL__ => __HAVE_DOT_CONFIG__,0,
__UCLIBC_HAS_SOFT_FLOAT__ => __TARGET_ARCH__,0,
__TARGET_c6x__ => __ARCH_ANY_ENDIAN__,0,
__UCLIBC_HAS_STDIO_BUILTIN_BUFFER_8__ => __FORCE_OPTIONS_FOR_ARCH__,0,
__UCLIBC_STATIC_LDCONFIG__ => __FORCE_OPTIONS_FOR_ARCH__,0,
__UCLIBC_HAS_CRYPT_STUB__ => __HAVE_DOT_CONFIG__,0,
__UCLIBC_HAS_CRYPT_STUB__ => __FORCE_OPTIONS_FOR_ARCH__,0,
__DOPIC__ => __HAVE_DOT_CONFIG__,0,
__UCLIBC_HAS_SYSLOG__ => __FORCE_OPTIONS_FOR_ARCH__,0,
__TARGET_hppa__ => __ARCH_HAS_NO_LDSO__,0,
__UCLIBC_HAS_THREADS_NATIVE__ => __HAVE_DOT_CONFIG__,0,
__CONFIG_CYRIXIII__ => __TARGET_i386__,0,
__CONFIG_MIPS_ISA_4__ => __HAVE_DOT_CONFIG__,0,
__HAVE_NO_PIC__ => __ARCH_HAS_NO_MMU__,0,
__UCLIBC_MALLOC_DEBUGGING__ => __DESIRED_TARGET_ARCH__,0,
__TARGET_hppa__ => __ARCH_BIG_ENDIAN__,0,
__UCLIBC_HAS_IPV4__ => __HAVE_DOT_CONFIG__,0,
__FORCE_SHAREABLE_TEXT_SEGMENTS__ => __DESIRED_TARGET_ARCH__,0,
__UCLIBC_HAS_BACKTRACE__ => __FORCE_OPTIONS_FOR_ARCH__,0,
__TARGET_ia64__ => __FORCE_OPTIONS_FOR_ARCH__,0,
__CONFIG_MIPS_ISA_MIPS64__ => __ARCH_ANY_ENDIAN__,0,
__LINUXTHREADS_NEW__ => __ARCH_HAS_DEPRECATED_SYSCALLS__,0,
__TARGET_c6x__ => __UCLIBC_UCLINUX_BROKEN_MUNMAP__,0,
__UCLIBC_HAS_COMPAT_RES_STATE__ => __UCLIBC_HAS_NETWORK_SUPPORT__,0,
__CONFIG_SPARC_V9__ => __TARGET_ARCH__,0,
__CONFIG_H8300H__ => __TARGET_h8300__,0,
__DESIRED_TARGET_ARCH__ => __TARGET_ARCH__,0,
__TARGET_e1__ => __FORCE_OPTIONS_FOR_ARCH__,0,
__LINKRELAX__ => __HAVE_DOT_CONFIG__,0,
__UCLIBC_HAS_SHA512_CRYPT_IMPL__ => __TARGET_ARCH__,0,
__SUPPORT_LD_DEBUG__ => __HAVE_SHARED__,0,
__CONFIG_AVR32_AP7__ => __ARCH_HAS_DEPRECATED_SYSCALLS__,0,
__MALLOC_GLIBC_COMPAT__ => __TARGET_ARCH__,0,
__CONFIG_CLASSIC__ => __TARGET_SUBARCH__,0,
__UCLIBC_HAS_LONG_DOUBLE_MATH__ => __HAVE_DOT_CONFIG__,0,
__CONFIG_SH2__ => __TARGET_ARCH__,0,
__TARGET_xtensa__ => __TARGET_ARCH__,0,
__UCLIBC_HAS_LFS__ => __TARGET_ARCH__,0,
__TARGET_h8300__ => __ARCH_HAS_NO_LDSO__,0,
__UCLIBC_HAS_SYS_ERRLIST__ => __DESIRED_TARGET_ARCH__,0,
__CONFIG_SH2A__ => __HAVE_NO_PIC__,0,
__DEVEL_PREFIX__ => __DESIRED_TARGET_ARCH__,0,
__UCLIBC_LINUX_MODULE_26__ => __FORCE_OPTIONS_FOR_ARCH__,0,
__CONFIG_GENERIC_386__ => __DESIRED_TARGET_ARCH__,0,
__TARGET_nios2__ => __HAVE_DOT_CONFIG__,0,
__ARCH_USE_MMU__ => __TARGET_ARCH__,0,
__CONFIG_ELAN__ => __ARCH_HAS_DEPRECATED_SYSCALLS__,0,
__CONFIG_MIPS_ISA_MIPS32R2__ => __TARGET_ARCH__,0,
__UCLIBC_HAS_REALTIME__ => __FORCE_OPTIONS_FOR_ARCH__,0,
__UCLIBC_HAS_EXTRA_COMPAT_RES_STATE__ => __UCLIBC_HAS_NETWORK_SUPPORT__,0,
__UCLIBC_HAS_FTS__ => __HAVE_DOT_CONFIG__,0,
__TARGET_i960__ => __DESIRED_TARGET_ARCH__,0,
__LDSO_BASE_FILENAME__ => __DESIRED_TARGET_ARCH__,0,
__UCLIBC_FORMAT_SHARED_FLAT__ => __FORCE_OPTIONS_FOR_ARCH__,0,
__PTHREADS_DEBUG_SUPPORT__ => __UCLIBC_HAS_THREADS__,0,
__UCLIBC_HAS_STDIO_BUFSIZ_NONE__ => __FORCE_OPTIONS_FOR_ARCH__,0,
__UCLIBC_BUILD_SSP__ => __FORCE_OPTIONS_FOR_ARCH__,0,
__UCLIBC_HAS_RESOLVER_SUPPORT__ => __HAVE_DOT_CONFIG__,0,
__CONFIG_WINCHIPC6__ => __TARGET_ARCH__,0,
__TARGET_m68k__ => __TARGET_ARCH__,0,
__UCLIBC_HAS_STRING_ARCH_OPT__ => __FORCE_OPTIONS_FOR_ARCH__,0,
__CONFIG_SH4__ => __TARGET_SUBARCH__,0,
__CONFIG_SH4__ => __ARCH_HAS_DEPRECATED_SYSCALLS__,0,
__CONFIG_AVR32_AP7__ => __TARGET_avr32__,0,
__UCLIBC_FORMAT_SHARED_FLAT__ => __TARGET_ARCH__,0,
__CONFIG_MIPS_ISA_3__ => __ARCH_HAS_DEPRECATED_SYSCALLS__,0,
__UCLIBC_HAS_SOFT_FLOAT__ => __FORCE_OPTIONS_FOR_ARCH__,0,
__LDSO_NO_CLEANUP__ => __FORCE_OPTIONS_FOR_ARCH__,0,
__UCLIBC_HAS_TLS__ => __HAVE_DOT_CONFIG__,0,
__UCLIBC_SUSV2_LEGACY__ => __HAVE_DOT_CONFIG__,0,
__UCLIBC_LINUX_MODULE_26__ => __DESIRED_TARGET_ARCH__,0,
__UCLIBC_BUILD_ALL_LOCALE__ => __UCLIBC_HAS_LOCALE__,0,
__CONFIG_SH2A__ => __HAVE_DOT_CONFIG__,0,
__TARGET_arm__ => __DESIRED_TARGET_ARCH__,0,
__UCLIBC_HAS_GNU_GETSUBOPT__ => __DESIRED_TARGET_ARCH__,0,
__UCLIBC_SUPPORT_AI_ADDRCONFIG__ => __UCLIBC_USE_NETLINK__,0,
__UCLIBC_GRP_BUFFER_SIZE__ => __TARGET_ARCH__,0,
__CONFIG_MIPS_ISA_MIPS32R2__ => __DESIRED_TARGET_ARCH__,0,
__UCLIBC_EXTRA_CFLAGS__ => __DESIRED_TARGET_ARCH__,0,
__WARNINGS__ => __HAVE_DOT_CONFIG__,0,
__CONFIG_H8S__ => __ARCH_HAS_NO_LDSO__,0,
__UCLIBC_HAS_OBSOLETE_BSD_SIGNAL__ => __DESIRED_TARGET_ARCH__,0,
__TARGET_bfin__ => __DESIRED_TARGET_ARCH__,0,
__ARC4RANDOM_USES_NODEV__ => __HAVE_DOT_CONFIG__,0,
__UCLIBC_HAS_FNMATCH__ => __TARGET_ARCH__,0,
__ARC4RANDOM_USES_NODEV__ => __TARGET_ARCH__,0,
__USE_BX__ => __FORCE_OPTIONS_FOR_ARCH__,0,
__TARGET_nios2__ => __ARCH_HAS_NO_LDSO__,0,
__CONFIG_PENTIUMIII__ => __HAVE_DOT_CONFIG__,0,
__CONFIG_MIPS_ISA_1__ => __ARCH_HAS_DEPRECATED_SYSCALLS__,0,
__HAVE_SHARED__ => __HAVE_DOT_CONFIG__,0,
__CONFIG_486__ => __ARCH_HAS_UCONTEXT__,0,
__LINKRELAX__ => __DESIRED_TARGET_ARCH__,0,
__CONFIG_WINCHIP2__ => __ARCH_HAS_UCONTEXT__,0,
__UCLIBC_HAS_LFS__ => __DESIRED_TARGET_ARCH__,0,
__CONFIG_MIPS_ISA_3__ => __TARGET_mips__,0,
__UCLIBC_HAS_WORDEXP__ => __DESIRED_TARGET_ARCH__,0,
__TARGET_v850__ => __ARCH_HAS_NO_LDSO__,0,
__HAVE_NO_SSP__ => __ARCH_HAS_DEPRECATED_SYSCALLS__,0,
__CONFIG_SH2A__ => __ARCH_HAS_NO_SHARED__,0,
__CONFIG_586MMX__ => __ARCH_HAS_DEPRECATED_SYSCALLS__,0,
__UCLIBC_HAS_TLS__ => __DESIRED_TARGET_ARCH__,0,
__CONFIG_TMS320C64XPLUS__ => __HAVE_DOT_CONFIG__,0,
__UCLIBC_HAS_CTYPE_ENFORCED__ => __DESIRED_TARGET_ARCH__,0,
__UCLIBC_HAS_LONG_DOUBLE_MATH__ => __FORCE_OPTIONS_FOR_ARCH__,0,
__UCLIBC_DOWNLOAD_PREGENERATED_LOCALE_DATA__ => __HAVE_DOT_CONFIG__,0,
__USE_BX__ => __ARCH_HAS_UCONTEXT__,0,
__TARGET_h8300__ => __ARCH_HAS_NO_SHARED__,0,
__TARGET_ia64__ => __DESIRED_TARGET_ARCH__,0,
__ARCH_HAS_NO_LDSO__ => __FORCE_OPTIONS_FOR_ARCH__,0,
__TARGET_nios2__ => __DESIRED_TARGET_ARCH__,0,
__UCLIBC_SUSV3_LEGACY_MACROS__ => __DESIRED_TARGET_ARCH__,0,
__UCLIBC_HAS_FTW__ => __FORCE_OPTIONS_FOR_ARCH__,0,
__UCLIBC_HAS_GNU_GLOB__ => __UCLIBC_HAS_GLOB__,0,
__SUPPORT_LD_DEBUG__ => __TARGET_ARCH__,0,
__CONFIG_K6__ => __ARCH_HAS_DEPRECATED_SYSCALLS__,0,
__CONFIG_AVR32_AP7__ => __HAVE_DOT_CONFIG__,0,
__UCLIBC_FORMAT_FLAT_SEP_DATA__ => __TARGET_ARCH__,0,
__LDSO_RUNPATH__ => __DESIRED_TARGET_ARCH__,0,
__CONFIG_META_2_1__ => __TARGET_metag__,0,
__TARGET_cris__ => __ARCH_LITTLE_ENDIAN__,0,
__UCLIBC_HAS_SHADOW__ => __TARGET_ARCH__,0,
__CONFIG_PENTIUM4__ => __HAVE_DOT_CONFIG__,0,
__UCLIBC_SHARED_FLAT_ID__ => __FORCE_OPTIONS_FOR_ARCH__,0,
__PROPOLICE_BLOCK_ABRT__ => __HAVE_DOT_CONFIG__,0,
__CONFIG_PENTIUMIII__ => __TARGET_i386__,0,
__UCLIBC_FORMAT_SHARED_FLAT__ => __UCLIBC_UCLINUX_BROKEN_MUNMAP__,0,
__UCLIBC_HAS_STDIO_BUFSIZ_4096__ => __HAVE_DOT_CONFIG__,0,
__CONFIG_WINCHIP2__ => __ARCH_LITTLE_ENDIAN__,0,
__UCLIBC_HAS_GLIBC_DIGIT_GROUPING__ => __DESIRED_TARGET_ARCH__,0,
__UCLIBC_PWD_BUFFER_SIZE__ => __TARGET_ARCH__,0,
__UCLIBC_HAS_FENV__ => __FORCE_OPTIONS_FOR_ARCH__,0,
__UCLIBC_HAS_STDIO_BUFSIZ_NONE__ => __DESIRED_TARGET_ARCH__,0,
__CONFIG_SPARC_V7__ => __HAVE_DOT_CONFIG__,0,
__UCLIBC_BUILD_SSP__ => __HAVE_DOT_CONFIG__,0,
__TARGET_xtensa__ => __DESIRED_TARGET_ARCH__,0,
__TARGET_arm__ => __HAVE_DOT_CONFIG__,0,
__HAVE_NO_PIC__ => __UCLIBC_UCLINUX_BROKEN_MUNMAP__,0,
__UCLIBC_BUILD_MINIMAL_LOCALES__ => __UCLIBC_HAS_LOCALE__,0,
__CONFIG_CRUSOE__ => __FORCE_OPTIONS_FOR_ARCH__,0,
__UCLIBC_HAS_REGEX_OLD__ => __FORCE_OPTIONS_FOR_ARCH__,0,
__COMPILE_IN_THUMB_MODE__ => __TARGET_arm__,0,
__CONFIG_PENTIUMIII__ => __TARGET_ARCH__,0,
__UCLIBC_HAS_CRYPT_STUB__ => __TARGET_ARCH__,0,
__TARGET_i960__ => __ARCH_HAS_DEPRECATED_SYSCALLS__,0,
__UCLIBC_HAS_PROGRAM_INVOCATION_NAME__ => __DESIRED_TARGET_ARCH__,0,
__CONFIG_SH3__ => __DESIRED_TARGET_ARCH__,0,
__CONFIG_MIPS_O32_ABI__ => __TARGET_ARCH__,0,
__CONFIG_WINCHIP2__ => __DESIRED_TARGET_ARCH__,0,
__TARGET_avr32__ => __CONFIG_AVR32_AP7__,0,
__CONFIG_MIPS_ISA_MIPS64__ => __TARGET_mips__,0,
__CONFIG_MIPS_ISA_MIPS32R2__ => __ARCH_HAS_DEPRECATED_SYSCALLS__,0,
__UCLIBC_HAS_SSP__ => __HAVE_DOT_CONFIG__,0,
__UCLIBC_PREGENERATED_LOCALE_DATA__ => __UCLIBC_HAS_LOCALE__,0,
__TARGET_i960__ => __TARGET_ARCH__,0,
__UCLIBC_HAS_SIGNUM_MESSAGES__ => __TARGET_ARCH__,0,
__UCLIBC_HAS_FTW__ => __TARGET_ARCH__,0,
__UCLIBC_HAS_ERRNO_MESSAGES__ => __HAVE_DOT_CONFIG__,0,
__UCLIBC_HAS_CTYPE_UNSAFE__ => __FORCE_OPTIONS_FOR_ARCH__,0,
__UCLIBC_HAS_CRYPT__ => __TARGET_ARCH__,0,
__UCLIBC_HAS_CTYPE_CHECKED__ => __DESIRED_TARGET_ARCH__,0,
__USE_OLD_VFPRINTF__ => __HAVE_DOT_CONFIG__,0,
__UCLIBC_SUSV3_LEGACY_MACROS__ => __TARGET_ARCH__,0,
__UCLIBC_HAS_STDIO_BUFSIZ_2048__ => __DESIRED_TARGET_ARCH__,0,
__UCLIBC_FORMAT_SHARED_FLAT__ => __ARCH_HAS_NO_SHARED__,0,
__UCLIBC_SUSV2_LEGACY__ => __TARGET_ARCH__,0,
__UCLIBC_HAS_HEXADECIMAL_FLOATS__ => __DESIRED_TARGET_ARCH__,0,
__HAVE_NO_PIC__ => __HAVE_DOT_CONFIG__,0,
__UCLIBC_BUILD_RELRO__ => __DESIRED_TARGET_ARCH__,0,
__UCLIBC_HAS_STRING_GENERIC_OPT__ => __DESIRED_TARGET_ARCH__,0,
__ARCH_HAS_UCONTEXT__ => __FORCE_OPTIONS_FOR_ARCH__,0,
__CONFIG_MIPS_ISA_4__ => __TARGET_ARCH__,0,
__COMPILE_IN_THUMB_MODE__ => __FORCE_OPTIONS_FOR_ARCH__,0,
__CONFIG_TMS320C64X__ => __UCLIBC_UCLINUX_BROKEN_MUNMAP__,0,
__CONFIG_AVR32_AP7__ => __ARCH_BIG_ENDIAN__,0,
__UCLIBC_HAS_FOPEN_LARGEFILE_MODE__ => __DESIRED_TARGET_ARCH__,0,
__CONFIG_SH4__ => __TARGET_ARCH__,0,
__UCLIBC_HAS_FULL_RPC__ => __DESIRED_TARGET_ARCH__,0,
__CONFIG_MIPS_ISA_3__ => __ARCH_HAS_UCONTEXT__,0,
__UCLIBC_HAS_UTMPX__ => __HAVE_DOT_CONFIG__,0,
__TARGET_nios__ => __HAVE_NO_PIC__,0,
__CONFIG_E500__ => __DESIRED_TARGET_ARCH__,0,
__TARGET_e1__ => __UCLIBC_UCLINUX_BROKEN_MUNMAP__,0,
__TARGET_nios__ => __UCLIBC_UCLINUX_BROKEN_MUNMAP__,0,
__LDSO_LD_LIBRARY_PATH__ => __FORCE_OPTIONS_FOR_ARCH__,0,
__CONFIG_TMS320C64XPLUS__ => __TARGET_c6x__,0,
__CONFIG_SH2__ => __ARCH_ANY_ENDIAN__,0,
__UCLIBC_SUPPORT_AI_ADDRCONFIG__ => __DESIRED_TARGET_ARCH__,0,
__UCLIBC_HAS_RESOLVER_SUPPORT__ => __DESIRED_TARGET_ARCH__,0,
__UCLIBC_HAS_FPU__ => __HAVE_DOT_CONFIG__,0,
__CONFIG_MIPS_ISA_MIPS32R2__ => __TARGET_mips__,0,
__HAVE_NO_PIC__ => __TARGET_ARCH__,0,
__CONFIG_WINCHIP2__ => __ARCH_HAS_DEPRECATED_SYSCALLS__,0,
__UCLIBC_HAS_CTYPE_CHECKED__ => __FORCE_OPTIONS_FOR_ARCH__,0,
__TARGET_arm__ => __ARCH_ANY_ENDIAN__,0,
__UCLIBC_USE_NETLINK__ => __HAVE_DOT_CONFIG__,0,
__USE_BX__ => __HAVE_DOT_CONFIG__,0,
__CONFIG_SH4__ => __TARGET_sh__,0,
__LDSO_PRELOAD_FILE_SUPPORT__ => __HAVE_SHARED__,0,
__UCLIBC_HAS_LONG_DOUBLE_MATH__ => __TARGET_ARCH__,0,
__DESIRED_TARGET_ARCH__ => __HAVE_DOT_CONFIG__,0,
__SUPPORT_LD_DEBUG_EARLY__ => __DESIRED_TARGET_ARCH__,0,
__LDSO_SEARCH_INTERP_PATH__ => __HAVE_DOT_CONFIG__,0,
__CONFIG_CRUSOE__ => __ARCH_HAS_UCONTEXT__,0,
__CONFIG_PENTIUMII__ => __TARGET_i386__,0,
__PROPOLICE_BLOCK_SEGV__ => __FORCE_OPTIONS_FOR_ARCH__,0,
__WARNINGS__ => __DESIRED_TARGET_ARCH__,0,
__UCLIBC_MJN3_ONLY__ => __DESIRED_TARGET_ARCH__,0,
__UCLIBC_EXTRA_CFLAGS__ => __FORCE_OPTIONS_FOR_ARCH__,0,
__TARGET_e1__ => __TARGET_ARCH__,0,
__CONFIG_PENTIUM4__ => __TARGET_ARCH__,0,
__SUPPORT_LD_DEBUG_EARLY__ => __HAVE_DOT_CONFIG__,0,
__LDSO_PRELINK_SUPPORT__ => __HAVE_DOT_CONFIG__,0,
__UCLIBC_HAS_SHA512_CRYPT_IMPL__ => __UCLIBC_HAS_CRYPT__,0,
__UCLIBC_HAS___PROGNAME__ => __TARGET_ARCH__,0,
__TARGET_mips__ => __FORCE_OPTIONS_FOR_ARCH__,0,
__UCLIBC_PREGENERATED_LOCALE_DATA__ => __DESIRED_TARGET_ARCH__,0,
__MALLOC_GLIBC_COMPAT__ => __FORCE_OPTIONS_FOR_ARCH__,0,
__COMPILE_IN_THUMB_MODE__ => __TARGET_ARCH__,0,
__HAVE_DOT_CONFIG__ => __TARGET_ARCH__,0,
__UCLIBC_HAS_GETTEXT_AWARENESS__ => __UCLIBC_HAS_LOCALE__,0,
__UCLIBC_NTP_LEGACY__ => __HAVE_DOT_CONFIG__,0,
__TARGET_alpha__ => __ARCH_HAS_NO_SHARED__,0,
__UCLIBC_HAS_STRING_GENERIC_OPT__ => __FORCE_OPTIONS_FOR_ARCH__,0,
__UCLIBC_CTOR_DTOR__ => __TARGET_ARCH__,0,
__CONFIG_SPARC_V9__ => __HAVE_DOT_CONFIG__,0,
__KERNEL_HEADERS__ => __HAVE_DOT_CONFIG__,0,
__CONFIG_WINCHIPC6__ => __ARCH_HAS_DEPRECATED_SYSCALLS__,0,
__CONFIG_E500__ => __HAVE_DOT_CONFIG__,0,
__UCLIBC_PWD_BUFFER_SIZE__ => __FORCE_OPTIONS_FOR_ARCH__,0,
__LDSO_SAFE_RUNPATH__ => __TARGET_ARCH__,0,
__UCLIBC_BSD_SPECIFIC__ => __FORCE_OPTIONS_FOR_ARCH__,0,
__TARGET_arm__ => __ARCH_HAS_UCONTEXT__,0,
__CONFIG_386__ => __TARGET_ARCH__,0,
__UCLIBC_HAS_GLIBC_DIGIT_GROUPING__ => __TARGET_ARCH__,0,
__UCLIBC_HAS_THREADS__ => __FORCE_OPTIONS_FOR_ARCH__,0,
__TARGET_i386__ => __HAVE_DOT_CONFIG__,0,
__LDSO_CACHE_SUPPORT__ => __HAVE_SHARED__,0,
